time_s,pdr,avg_latency_ms,jitter_ms,avg_queue_size,avg_energy
0.0,0.0,0.0,0.0,2.0,200000.0
0.02,1.0,10.3155,1.1545000000000005,0.0,199999.99993078402
0.04,1.0,32.08,1.0540000000000003,0.0,199999.999891832
0.06,1.0,32.08,1.0540000000000003,0.0,199999.99986586405
0.08,0.6666666666666666,32.08,1.0540000000000003,0.0,199999.99985288005
0.1,0.6666666666666666,32.08,1.0540000000000003,0.0,199742.4701227715
0.12,0.6666666666666666,32.08,1.0540000000000003,0.0,199742.4701227715
0.14,0.5,32.08,1.0540000000000003,0.0,199742.4701227715
0.16,0.4,32.08,1.0540000000000003,0.0,199742.4701227715
0.18,0.4,32.08,1.0540000000000003,0.0,199742.4701227715
0.2,0.4,32.08,1.0540000000000003,0.0,199484.94039266295
0.22,0.4,32.08,1.0540000000000003,0.0,199484.94039266295
0.24,0.4,32.08,1.0540000000000003,0.0,199484.94039266295
0.26,0.4,32.08,1.0540000000000003,0.0,199484.94039266295
0.28,0.4,32.08,1.0540000000000003,0.0,199484.94039266295
0.3,0.2857142857142857,32.08,1.0540000000000003,0.0,199227.4106625544
0.32,0.25,32.08,1.0540000000000003,0.0,199227.4106625544
0.34,0.25,32.08,1.0540000000000003,0.0,199227.4106625544
0.36,0.3333333333333333,22.935666666666666,12.96064330536447,0.0,199227.41063658643
0.38,0.3333333333333333,29.768,3.3810203588068903,0.0,199227.41061061842
0.4,0.3333333333333333,29.768,3.3810203588068903,1.0,198969.8808675259
0.42,0.4444444444444444,47.476,30.81060314242485,0.0,198969.88082209392
0.44,0.4444444444444444,49.88,34.957847559596686,0.0,198969.88079612592
0.46,0.4,49.88,34.957847559596686,0.0,198969.88079612592
0.48,0.4,49.88,34.957847559596686,0.0,198969.88079612592
0.5,0.4,49.88,34.957847559596686,0.0,198713.56945110954
0.52,0.4,49.88,34.957847559596686,0.0,198713.56945110954
0.54,0.4,49.88,34.957847559596686,0.0,198713.56945110954
0.56,0.4,49.88,34.957847559596686,0.0,198713.56945110954
0.58,0.45454545454545453,40.8814,36.07686367521434,0.0,198713.56943812556
0.6,0.45454545454545453,43.043800000000005,34.12587590905177,0.0,198457.2580541572
0.62,0.5,36.69766666666666,34.23224425726261,0.0,198457.2580152052
0.64,0.5,39.484,32.15338840101719,0.0,198457.2579762532
0.66,0.5,39.484,32.15338840101719,0.0,198457.2579762532
0.68,0.5,39.484,32.15338840101719,0.0,198457.2579762532
0.7,0.5,39.484,32.15338840101719,0.0,198200.94663123685
0.72,0.5,39.484,32.15338840101719,0.0,198200.94663123685
0.74,0.5,39.484,32.15338840101719,0.0,198200.94663123685
0.76,0.5,39.484,32.15338840101719,0.0,198200.94663123685
0.78,0.5384615384615384,35.17771428571428,31.58185368084602,0.0,198200.94659228486
0.8,0.4666666666666667,36.860142857142854,30.45417311037577,2.0,197944.6352213005
0.82,0.5,34.6485,29.082024108545124,0.25,197944.6351737085
0.84,0.5,35.851125,28.612084800122044,0.0,197944.6351477405
0.86,0.5,35.851125,28.612084800122044,0.0,197944.6351477405
0.88,0.5,35.851125,28.612084800122044,0.0,197944.6351477405
0.9,0.5294117647058824,32.994777777777784,28.159543425819557,0.0,197688.32377675615
0.92,0.5294117647058824,34.394444444444446,27.28855943883652,0.0,197688.32373780417
0.94,0.5294117647058824,34.394444444444446,27.28855943883652,0.0,197688.32373780417
0.96,0.5294117647058824,34.394444444444446,27.28855943883652,0.0,197688.32373780417
0.98,0.5294117647058824,34.394444444444446,27.28855943883652,0.0,197688.32373780417
1.0,0.5294117647058824,34.394444444444446,27.28855943883652,0.0,197431.80048051232
1.02,0.5,34.394444444444446,27.28855943883652,0.0,197431.80048051232
1.04,0.5,34.394444444444446,27.28855943883652,0.0,197431.80048051232
1.06,0.47368421052631576,34.394444444444446,27.28855943883652,0.0,197431.80048051232
1.08,0.47619047619047616,31.4035,27.39909974159735,0.0,197431.8004545443
1.1,0.47619047619047616,33.1768,26.144652427599798,0.0,197175.2771583005
1.12,0.47619047619047616,33.1768,26.144652427599798,0.0,197175.2771583005
1.14,0.45454545454545453,33.1768,26.144652427599798,0.0,197175.2771453165
1.16,0.4782608695652174,32.19563636363636,25.120298808561273,0.25,197175.27710636452
1.18,0.4583333333333333,32.19563636363636,25.120298808561273,0.0,197175.27709338051
1.2,0.44,32.19563636363636,25.120298808561273,1.0,196918.75383608867
1.22,0.44,32.19563636363636,25.120298808561273,0.0,196918.75383176867
1.24,0.4230769230769231,32.19563636363636,25.120298808561273,0.0,196918.75383176867
1.26,0.4230769230769231,32.19563636363636,25.120298808561273,0.0,196918.75383176867
1.28,0.4230769230769231,32.19563636363636,25.120298808561273,0.0,196918.75383176867
1.3,0.4074074074074074,32.19563636363636,25.120298808561273,0.0,196662.23056149282
1.32,0.4444444444444444,31.5105,24.157962622773745,0.0,196662.23052254083
1.34,0.4444444444444444,31.5105,24.157962622773745,0.0,196662.23050955683
1.36,0.4444444444444444,31.5105,24.157962622773745,0.0,196662.23050955683
1.38,0.4444444444444444,31.5105,24.157962622773745,0.0,196662.23050955683
1.4,0.4444444444444444,31.5105,24.157962622773745,0.0,196405.707252265
1.42,0.4444444444444444,31.5105,24.157962622773745,0.0,196405.707252265
1.44,0.4444444444444444,31.5105,24.157962622773745,0.0,196405.707252265
1.46,0.4642857142857143,30.26192307692308,23.609778308220378,0.0,196405.70720032902
1.48,0.4666666666666667,28.773571428571426,23.528961223243535,0.0,196405.707161377
1.5,0.4666666666666667,30.123,22.63249143535524,0.0,196149.65886999018
1.52,0.4666666666666667,30.123,22.63249143535524,0.0,196149.65885700617
1.54,0.4666666666666667,30.123,22.63249143535524,0.0,196149.65885700617
1.56,0.4666666666666667,30.123,22.63249143535524,0.0,196149.65885700617
1.58,0.4666666666666667,30.123,22.63249143535524,0.0,196149.65885700617
1.6,0.4666666666666667,30.123,22.63249143535524,2.0,195893.6105915873
1.62,0.5333333333333333,110.7885,219.45409454428048,0.25,195893.6105310113
1.64,0.5333333333333333,111.082,220.38618566393856,0.25,195893.61049205932
1.66,0.5483870967741935,136.11029411764704,236.40137311230677,0.25,195893.61044012333
1.68,0.5483870967741935,136.42917647058823,236.9009881394323,0.0,195893.61040117132
1.7,0.5625,133.0675,233.6752020747911,0.25,195637.56208381648
1.72,0.5625,133.0675,233.6752020747911,0.0,195637.5620578485
1.74,0.5757575757575758,126.90363157894737,228.9412129602409,0.0,195637.56200591254
1.76,0.5757575757575758,127.17526315789473,228.81243902233945,0.0,195637.5619929285
1.78,0.5757575757575758,127.17526315789473,228.81243902233945,0.0,195637.5619929285
1.8,0.5757575757575758,127.17526315789473,228.81243902233945,0.0,195381.51372750965
1.82,0.5757575757575758,127.17526315789473,228.81243902233945,0.0,195381.51372750965
1.84,0.5428571428571428,127.17526315789473,228.81243902233945,0.0,195381.51372750965
1.86,0.5428571428571428,127.17526315789473,228.81243902233945,0.0,195381.51372750965
1.88,0.5428571428571428,127.17526315789473,228.81243902233945,0.0,195381.51372750965
1.9,0.5428571428571428,127.17526315789473,228.81243902233945,0.0,195125.4654620908
1.92,0.5428571428571428,127.17526315789473,228.81243902233945,0.0,195125.4654620908
1.94,0.5428571428571428,127.17526315789473,228.81243902233945,0.0,195125.4654620908
1.96,0.5428571428571428,127.17526315789473,228.81243902233945,0.0,195125.4654620908
1.98,0.5428571428571428,127.17526315789473,228.81243902233945,0.0,195125.4654620908
2.0,0.5277777777777778,127.17526315789473,228.81243902233945,1.0,194870.37673050363
2.02,0.5277777777777778,127.17526315789473,228.81243902233945,0.0,194870.37672618363
2.04,0.5135135135135135,127.17526315789473,228.81243902233945,0.0,194870.37672618363
2.06,0.5135135135135135,127.17526315789473,228.81243902233945,0.0,194870.37672618363
2.08,0.5135135135135135,127.17526315789473,228.81243902233945,0.0,194870.37672618363
2.1,0.475,127.17526315789473,228.81243902233945,0.0,194615.28796862852
2.12,0.47619047619047616,121.84230000000001,224.22699450246841,0.0,194615.2879296765
2.14,0.47619047619047616,121.84230000000001,224.22699450246841,0.0,194615.2879296765
2.16,0.47619047619047616,121.84230000000001,224.22699450246841,0.0,194615.2879296765
2.18,0.47619047619047616,121.84230000000001,224.22699450246841,0.0,194615.2879296765
2.2,0.47619047619047616,121.84230000000001,224.22699450246841,0.0,194360.19919808937
2.22,0.46511627906976744,121.84230000000001,224.22699450246841,0.0,194360.1991851054
2.24,0.4883720930232558,117.03519047619048,219.87663078809814,0.0,194360.1991461534
2.26,0.4883720930232558,117.03519047619048,219.87663078809814,0.0,194360.19913316937
2.28,0.4883720930232558,117.03519047619048,219.87663078809814,0.0,194360.19913316937
2.3,0.4883720930232558,117.03519047619048,219.87663078809814,0.0,194105.11040158223
2.32,0.4883720930232558,117.03519047619048,219.87663078809814,0.0,194105.11040158223
2.34,0.4883720930232558,117.03519047619048,219.87663078809814,0.0,194105.11040158223
2.36,0.5,111.93572727272728,216.08862645539716,0.0,194105.11037561425
2.38,0.5,112.46468181818183,215.83994068846192,0.0,194105.11033666227
2.4,0.4888888888888889,112.46468181818183,215.83994068846192,2.0,193850.0216050751
2.42,0.5217391304347826,134.19591666666665,241.55572412349576,0.0,193850.02154449915
2.44,0.5217391304347826,135.50854166666664,244.2256609722484,0.0,193850.02149256313
2.46,0.5217391304347826,135.50854166666664,244.2256609722484,0.0,193850.02146659518
2.48,0.5106382978723404,135.50854166666664,244.2256609722484,0.0,193850.02146659518
2.5,0.5,135.50854166666664,244.2256609722484,0.0,193594.91364319314
2.52,0.5,135.50854166666664,244.2256609722484,0.0,193594.91364319314
2.54,0.5,135.50854166666664,244.2256609722484,0.0,193594.91364319314
2.56,0.5,135.50854166666664,244.2256609722484,0.0,193594.91364319314
2.58,0.4897959183673469,135.50854166666664,244.2256609722484,0.0,193594.91364319314
2.6,0.48,135.50854166666664,244.2256609722484,0.0,193339.80581979104
2.62,0.48,135.50854166666664,244.2256609722484,0.0,193339.80581979104
2.64,0.48,135.50854166666664,244.2256609722484,0.0,193339.80581979104
2.66,0.47058823529411764,135.50854166666664,244.2256609722484,0.0,193339.80581979104
2.68,0.47058823529411764,135.50854166666664,244.2256609722484,0.0,193339.80581979104
2.7,0.4716981132075472,130.27168,240.6626681083246,0.0,193084.69797042102
2.72,0.49056603773584906,126.19576923076923,236.8553406873077,0.0,193084.69791848504
2.74,0.49056603773584906,127.82969230769231,236.15516466196692,0.0,193084.69787953305
2.76,0.4909090909090909,123.45329629629629,232.81260162434805,0.0,193084.69784058107
2.78,0.4909090909090909,123.87837037037036,232.6148536813506,0.0,193084.69780162908
2.8,0.4909090909090909,123.87837037037036,232.6148536813506,1.0,192829.589978227
2.82,0.5,119.62857142857143,229.48817680149335,0.0,192829.58994793904
2.84,0.5,120.01842857142857,229.30211294731245,0.0,192829.58990898705
2.86,0.49122807017543857,120.01842857142857,229.30211294731245,0.0,192829.58990898705
2.88,0.49122807017543857,120.01842857142857,229.30211294731245,0.0,192829.58990898705
2.9,0.49122807017543857,120.01842857142857,229.30211294731245,0.0,192574.48208558498
2.92,0.49122807017543857,120.01842857142857,229.30211294731245,0.0,192574.48208558498
2.94,0.49122807017543857,120.01842857142857,229.30211294731245,0.0,192574.48208558498
2.96,0.4827586206896552,120.01842857142857,229.30211294731245,0.0,192574.48208558498
2.98,0.4827586206896552,120.01842857142857,229.30211294731245,0.0,192574.48208558498
3.0,0.4827586206896552,120.01842857142857,229.30211294731245,0.0,192319.71323476938
3.02,0.4915254237288136,116.46079310344828,226.0990132052128,0.0,192319.7131958174
3.04,0.48333333333333334,116.72203448275863,225.988115175522,0.0,192319.7131698494
3.06,0.48333333333333334,116.72203448275863,225.988115175522,0.0,192319.7131698494
3.08,0.47540983606557374,116.72203448275863,225.988115175522,0.0,192319.7131698494
3.1,0.47540983606557374,116.72203448275863,225.988115175522,0.0,192064.94431903382
3.12,0.47540983606557374,116.72203448275863,225.988115175522,0.0,192064.94431903382
3.14,0.46774193548387094,116.72203448275863,225.988115175522,0.0,192064.94431903382
3.16,0.4603174603174603,116.72203448275863,225.988115175522,0.0,192064.94431903382
3.18,0.4603174603174603,116.72203448275863,225.988115175522,0.0,192064.94431903382
3.2,0.4603174603174603,116.72203448275863,225.988115175522,2.0,191810.1754682182
3.22,0.484375,153.89051612903228,260.56597815436317,0.5,191810.1754076422
3.24,0.484375,154.88690322580646,262.7581002497575,0.5,191810.17536869022
3.26,0.484375,155.57951612903227,264.1152912320154,0.0,191810.17532973824
3.28,0.484375,155.57951612903227,264.1152912320154,0.0,191810.17532973824
3.3,0.484375,155.57951612903227,264.1152912320154,0.0,191555.40647892264
3.32,0.47692307692307695,155.57951612903227,264.1152912320154,0.0,191555.40647892264
3.34,0.4626865671641791,155.57951612903227,264.1152912320154,0.0,191555.40646593863
3.36,0.47761194029850745,151.20134375,261.09615955939125,0.0,191555.40642698665
3.38,0.463768115942029,151.47809375,260.9568086357108,0.0,191555.40641400265
3.4,0.463768115942029,151.47809375,260.9568086357108,0.0,191300.63756318705
3.42,0.463768115942029,151.47809375,260.9568086357108,0.0,191300.63756318705
3.44,0.463768115942029,151.47809375,260.9568086357108,0.0,191300.63756318705
3.46,0.4507042253521127,151.47809375,260.9568086357108,0.0,191300.63756318705
3.48,0.4507042253521127,151.47809375,260.9568086357108,0.0,191300.63756318705
3.5,0.4507042253521127,151.47809375,260.9568086357108,0.0,191046.03018444404
3.52,0.4507042253521127,151.47809375,260.9568086357108,0.0,191046.03018444404
3.54,0.4507042253521127,151.47809375,260.9568086357108,0.0,191046.03018444404
3.56,0.4507042253521127,151.47809375,260.9568086357108,0.0,191046.03018444404
3.58,0.4444444444444444,151.47809375,260.9568086357108,0.0,191046.03018444404
3.6,0.4444444444444444,151.47809375,260.9568086357108,1.0,190791.42280570098
3.62,0.4383561643835616,151.47809375,260.9568086357108,0.0,190791.422801381
3.64,0.4383561643835616,151.47809375,260.9568086357108,0.0,190791.422801381
3.66,0.4383561643835616,151.47809375,260.9568086357108,0.0,190791.422801381
3.68,0.4383561643835616,151.47809375,260.9568086357108,0.0,190791.422801381
3.7,0.43243243243243246,151.47809375,260.9568086357108,0.0,190536.81542263797
3.72,0.43243243243243246,151.47809375,260.9568086357108,0.0,190536.81542263797
3.74,0.43243243243243246,151.47809375,260.9568086357108,0.0,190536.81542263797
3.76,0.43243243243243246,151.47809375,260.9568086357108,0.0,190536.81542263797
3.78,0.4266666666666667,151.47809375,260.9568086357108,0.0,190536.81542263797
3.8,0.4266666666666667,151.47809375,260.9568086357108,0.0,190282.20804389493
3.82,0.4342105263157895,147.19878787878787,258.1101801131561,0.0,190282.20801792695
3.84,0.42857142857142855,147.64354545454543,257.8863833911185,0.0,190282.20799195895
3.86,0.4358974358974359,143.6570294117647,255.09565301545513,0.0,190282.20794002296
3.88,0.4430379746835443,140.40788571428573,252.13202646411509,0.0,190282.20788808697
3.9,0.4430379746835443,140.82262857142857,251.93838792973466,0.0,190027.60048337595
3.92,0.4430379746835443,140.82262857142857,251.93838792973466,0.0,190027.60047039195
3.94,0.4375,140.82262857142857,251.93838792973466,0.0,190027.60047039195
3.96,0.4375,140.82262857142857,251.93838792973466,0.0,190027.60047039195
3.98,0.4375,140.82262857142857,251.93838792973466,0.0,190027.60047039195
4.0,0.43209876543209874,140.82262857142857,251.93838792973466,2.0,189772.829836417
4.02,0.4567901234567901,188.80943243243243,329.20046606486835,0.25,189772.829775841
4.04,0.4567901234567901,189.6520810810811,331.6792500717049,0.25,189772.82973688902
4.06,0.4567901234567901,190.33024324324325,333.09236016175754,0.0,189772.82969793704
4.08,0.4567901234567901,190.33024324324325,333.09236016175754,0.0,189772.82969793704
4.1,0.4567901234567901,190.33024324324325,333.09236016175754,0.0,189518.05906396205
4.12,0.4457831325301205,190.33024324324325,333.09236016175754,0.0,189518.05905097807
4.14,0.4578313253012048,185.73047368421052,329.86908224505777,0.0,189518.0590120261
4.16,0.4578313253012048,185.9672105263158,329.75006274059956,0.0,189518.05899904206
4.18,0.4578313253012048,185.9672105263158,329.75006274059956,0.0,189518.05899904206
4.2,0.4578313253012048,185.9672105263158,329.75006274059956,0.0,189263.2883650671
4.22,0.4523809523809524,185.9672105263158,329.75006274059956,0.0,189263.2883650671
4.24,0.4470588235294118,185.9672105263158,329.75006274059956,0.0,189263.2883650671
4.26,0.4470588235294118,185.9672105263158,329.75006274059956,0.0,189263.2883650671
4.28,0.4470588235294118,185.9672105263158,329.75006274059956,0.0,189263.2883650671
4.3,0.4470588235294118,185.9672105263158,329.75006274059956,0.0,189008.51773109217
4.32,0.4418604651162791,185.9672105263158,329.75006274059956,0.0,189008.51773109217
4.34,0.4367816091954023,185.9672105263158,329.75006274059956,0.0,189008.51773109217
4.36,0.4318181818181818,185.9672105263158,329.75006274059956,0.0,189008.51773109217
4.38,0.4318181818181818,185.9672105263158,329.75006274059956,0.0,189008.51773109217
4.4,0.4318181818181818,185.9672105263158,329.75006274059956,1.0,188753.74709711722
4.42,0.4318181818181818,185.9672105263158,329.75006274059956,0.0,188753.74709279725
4.44,0.4318181818181818,185.9672105263158,329.75006274059956,0.0,188753.74709279725
4.46,0.4318181818181818,185.9672105263158,329.75006274059956,0.0,188753.74709279725
4.48,0.4318181818181818,185.9672105263158,329.75006274059956,0.0,188753.74709279725
4.5,0.4318181818181818,185.9672105263158,329.75006274059956,0.0,188498.39238682453
4.52,0.4318181818181818,185.9672105263158,329.75006274059956,0.0,188498.39238682453
4.54,0.4318181818181818,185.9672105263158,329.75006274059956,0.0,188498.39238682453
4.56,0.4318181818181818,185.9672105263158,329.75006274059956,0.0,188498.39238682453
4.58,0.4318181818181818,185.9672105263158,329.75006274059956,0.0,188498.39238682453
4.6,0.4318181818181818,185.9672105263158,329.75006274059956,0.0,188243.03768085188
4.62,0.4318181818181818,185.9672105263158,329.75006274059956,0.0,188243.03768085188
4.64,0.4318181818181818,185.9672105263158,329.75006274059956,0.0,188243.03768085188
4.66,0.4318181818181818,185.9672105263158,329.75006274059956,0.0,188243.03768085188
4.68,0.4318181818181818,185.9672105263158,329.75006274059956,0.0,188243.03768085188
4.7,0.4318181818181818,185.9672105263158,329.75006274059956,0.0,187987.68297487916
4.72,0.4318181818181818,185.9672105263158,329.75006274059956,0.0,187987.68297487916
4.74,0.42696629213483145,185.9672105263158,329.75006274059956,0.0,187987.68297487916
4.76,0.42696629213483145,185.9672105263158,329.75006274059956,0.0,187987.68297487916
4.78,0.43333333333333335,181.60648717948717,326.6031671599596,0.0,187987.68293592718
4.8,0.43333333333333335,181.60648717948717,326.6031671599596,2.0,187732.32820398652
4.82,0.43956043956043955,197.58575,337.58113817293986,0.5,187732.32815639448
4.84,0.44565217391304346,210.77648780487803,343.82914934325083,0.75,187732.32810445852
4.86,0.44565217391304346,211.54531707317074,345.0931983893018,0.5,187732.3280784905
4.88,0.44565217391304346,211.54531707317074,345.0931983893018,0.0,187732.32806550653
4.9,0.44565217391304346,211.54531707317074,345.0931983893018,0.0,187476.97335953382
4.92,0.44086021505376344,211.54531707317074,345.0931983893018,0.0,187476.97335953382
4.94,0.43617021276595747,211.54531707317074,345.0931983893018,0.0,187476.97335953382
4.96,0.43617021276595747,211.54531707317074,345.0931983893018,0.0,187476.97335953382
4.98,0.43157894736842106,211.54531707317074,345.0931983893018,0.0,187476.97335953382
5.0,0.4270833333333333,211.54531707317074,345.0931983893018,0.0,187221.2635502725
5.02,0.4387755102040816,201.93697674418604,339.7688064262938,0.0,187221.26351132052
5.04,0.4387755102040816,202.91916279069767,339.2297377453625,0.0,187221.26345938453
5.06,0.4387755102040816,203.4437441860465,338.9660494987588,0.0,187221.26342043254
5.08,0.4387755102040816,203.4437441860465,338.9660494987588,0.0,187221.26342043254
5.1,0.4387755102040816,203.4437441860465,338.9660494987588,0.0,186965.55361117123
5.12,0.4387755102040816,203.4437441860465,338.9660494987588,0.0,186965.55361117123
5.14,0.4387755102040816,203.4437441860465,338.9660494987588,0.0,186965.55361117123
5.16,0.4387755102040816,203.4437441860465,338.9660494987588,0.0,186965.55361117123
5.18,0.4387755102040816,203.4437441860465,338.9660494987588,0.0,186965.55361117123
5.2,0.4387755102040816,203.4437441860465,338.9660494987588,1.0,186709.8438019099
5.22,0.43434343434343436,203.4437441860465,338.9660494987588,0.0,186709.84378460588
5.24,0.4444444444444444,199.0483181818182,336.3293252505491,0.0,186709.8437456539
5.26,0.4444444444444444,199.3345909090909,336.17365448822574,0.0,186709.84373266992
5.28,0.4444444444444444,199.3345909090909,336.17365448822574,0.0,186709.84373266992
5.3,0.45,195.13035555555555,333.5851588986374,0.0,186454.1338844566
5.32,0.45,195.13035555555555,333.5851588986374,0.0,186454.13385848858
5.34,0.45,195.13035555555555,333.5851588986374,0.0,186454.13385848858
5.36,0.45,195.13035555555555,333.5851588986374,0.0,186454.13385848858
5.38,0.45,195.13035555555555,333.5851588986374,0.0,186454.13385848858
5.4,0.45098039215686275,191.22310869565217,330.9787671238685,0.0,186198.42401027525
5.42,0.45098039215686275,191.3760652173913,330.8990927657424,0.0,186198.42398430727
5.44,0.4519230769230769,187.52338297872342,328.4011737786156,0.0,186198.42395833932
5.46,0.4519230769230769,187.77906382978722,328.2677456474902,0.0,186198.4239193873
5.48,0.4519230769230769,187.77906382978722,328.2677456474902,0.0,186198.4239193873
5.5,0.4519230769230769,187.77906382978722,328.2677456474902,0.0,185942.8103416011
5.52,0.4519230769230769,187.77906382978722,328.2677456474902,0.0,185942.8103416011
5.54,0.4519230769230769,187.77906382978722,328.2677456474902,0.0,185942.8103416011
5.56,0.4519230769230769,187.77906382978722,328.2677456474902,0.0,185942.8103416011
5.58,0.4519230769230769,187.77906382978722,328.2677456474902,0.0,185942.8103416011
5.6,0.4519230769230769,187.77906382978722,328.2677456474902,2.0,185687.19676381495
5.62,0.47115384615384615,224.70046938775508,373.2720650597954,0.25,185687.196703239
5.64,0.47115384615384615,224.8917142857143,373.55974956597765,0.25,185687.19665130298
5.66,0.4807692307692308,225.94876000000002,373.58599232318977,0.25,185687.196612351
5.68,0.4807692307692308,226.31188,374.1673941536136,0.0,185687.196573399
5.7,0.4807692307692308,226.31188,374.1673941536136,0.0,185431.58298262884
5.72,0.4807692307692308,226.31188,374.1673941536136,0.0,185431.58298262884
5.74,0.4857142857142857,222.05549019607844,371.70143828818414,0.0,185431.58293069285
5.76,0.4857142857142857,222.29541176470588,371.56791757579765,0.0,185431.58291770885
5.78,0.4857142857142857,222.29541176470588,371.56791757579765,0.0,185431.58291770885
5.8,0.4857142857142857,222.29541176470588,371.56791757579765,0.0,185175.96933992268
5.82,0.4857142857142857,222.29541176470588,371.56791757579765,0.0,185175.96933992268
5.84,0.4857142857142857,222.29541176470588,371.56791757579765,0.0,185175.96933992268
5.86,0.4857142857142857,222.29541176470588,371.56791757579765,0.0,185175.96933992268
5.88,0.4857142857142857,222.29541176470588,371.56791757579765,0.0,185175.96933992268
5.9,0.4811320754716981,222.29541176470588,371.56791757579765,0.0,184920.3557621365
5.92,0.4811320754716981,222.29541176470588,371.56791757579765,0.0,184920.3557621365
5.94,0.4766355140186916,222.29541176470588,371.56791757579765,0.0,184920.3557621365
5.96,0.4766355140186916,222.29541176470588,371.56791757579765,0.0,184920.3557621365
5.98,0.4766355140186916,222.29541176470588,371.56791757579765,0.0,184920.3557621365
6.0,0.4722222222222222,222.29541176470588,371.56791757579765,1.0,184664.4646114349
6.02,0.4722222222222222,222.29541176470588,371.56791757579765,0.0,184664.4646071149
6.04,0.4722222222222222,222.29541176470588,371.56791757579765,0.0,184664.4646071149
6.06,0.46788990825688076,222.29541176470588,371.56791757579765,0.0,184664.4646071149
6.08,0.4727272727272727,218.20901923076923,369.13316555882705,0.0,184664.4645811469
6.1,0.4727272727272727,218.43932692307695,369.0067804526987,0.0,184408.57339149332
6.12,0.4727272727272727,218.43932692307695,369.0067804526987,0.0,184408.57339149332
6.14,0.4727272727272727,218.43932692307695,369.0067804526987,0.0,184408.57339149332
6.16,0.4727272727272727,218.43932692307695,369.0067804526987,0.0,184408.57339149332
6.18,0.4727272727272727,218.43932692307695,369.0067804526987,0.0,184408.57339149332
6.2,0.4727272727272727,218.43932692307695,369.0067804526987,0.0,184152.6822407917
6.22,0.4727272727272727,218.43932692307695,369.0067804526987,0.0,184152.6822407917
6.24,0.4727272727272727,218.43932692307695,369.0067804526987,0.0,184152.6822407917
6.26,0.4727272727272727,218.43932692307695,369.0067804526987,0.0,184152.6822407917
6.28,0.46846846846846846,218.43932692307695,369.0067804526987,0.0,184152.6822407917
6.3,0.4642857142857143,218.43932692307695,369.0067804526987,0.0,183896.7910771061
6.32,0.4732142857142857,214.59886792452832,366.55666499125454,0.0,183896.79103815413
6.34,0.4732142857142857,214.7517169811321,366.4750392881615,0.0,183896.79102517015
6.36,0.4732142857142857,214.7517169811321,366.4750392881615,0.0,183896.79102517015
6.38,0.4732142857142857,214.7517169811321,366.4750392881615,0.0,183896.79102517015
6.4,0.4732142857142857,214.7517169811321,366.4750392881615,2.0,183640.8998744685
6.42,0.49107142857142855,254.60218181818183,440.49331554491124,0.75,183640.89981389252
6.44,0.49107142857142855,255.4309818181818,441.99629396593116,0.75,183640.89977494054
6.46,0.49107142857142855,255.53390909090908,442.0664758477054,0.5,183640.89973598855
6.48,0.5,259.5475714285714,439.11171523709,0.25,183640.89968405257
6.5,0.49122807017543857,259.7239285714286,439.2023124281214,0.0,183385.38884317162
6.52,0.48695652173913045,259.7239285714286,439.2023124281214,0.0,183385.38884317162
6.54,0.48695652173913045,259.7239285714286,439.2023124281214,0.0,183385.38884317162
6.56,0.48695652173913045,259.7239285714286,439.2023124281214,0.0,183385.38884317162
6.58,0.48695652173913045,259.7239285714286,439.2023124281214,0.0,183385.38884317162
6.6,0.48695652173913045,259.7239285714286,439.2023124281214,0.0,183129.87801527465
6.62,0.48717948717948717,255.3520350877193,436.5602333869588,0.0,183129.87797632266
6.64,0.4789915966386555,255.56952631578946,436.4412804503333,0.0,183129.87795035465
6.66,0.475,255.56952631578946,436.4412804503333,0.0,183129.87795035465
6.68,0.475,255.56952631578946,436.4412804503333,0.0,183129.87795035465
6.7,0.475,255.56952631578946,436.4412804503333,0.0,182874.3671224577
6.72,0.47107438016528924,255.56952631578946,436.4412804503333,0.0,182874.3671224577
6.74,0.4672131147540984,255.56952631578946,436.4412804503333,0.0,182874.3671224577
6.76,0.4672131147540984,255.56952631578946,436.4412804503333,0.0,182874.3671224577
6.78,0.4634146341463415,255.56952631578946,436.4412804503333,0.0,182874.3671224577
6.8,0.4634146341463415,255.56952631578946,436.4412804503333,1.0,182618.85629456077
6.82,0.4596774193548387,255.56952631578946,436.4412804503333,0.0,182618.85627725677
6.84,0.472,247.25645762711866,431.26977327199586,0.0,182618.85622532078
6.86,0.472,247.86786440677966,430.94613662822775,0.0,182618.85618636876
6.88,0.472,248.08805084745762,430.836503413346,0.0,182618.85616040078
6.9,0.472,248.08805084745762,430.836503413346,0.0,182363.3453325038
6.92,0.4645669291338583,248.08805084745762,430.836503413346,0.0,182363.3453325038
6.94,0.47244094488188976,244.23225,428.25645269225555,0.0,182363.34529355183
6.96,0.47244094488188976,244.36985,428.18465700815824,0.0,182363.34526758385
6.98,0.46875,244.36985,428.18465700815824,0.0,182363.34526758385
7.0,0.46875,244.36985,428.18465700815824,0.0,182106.09108179185
7.02,0.46875,244.36985,428.18465700815824,0.0,182106.09108179185
7.04,0.46875,244.36985,428.18465700815824,0.0,182106.09108179185
7.06,0.46511627906976744,244.36985,428.18465700815824,0.0,182106.09108179185
7.08,0.46511627906976744,244.36985,428.18465700815824,0.0,182106.09108179185
7.1,0.46511627906976744,244.36985,428.18465700815824,0.0,181848.83689599988
7.12,0.46511627906976744,244.36985,428.18465700815824,0.0,181848.83689599988
7.14,0.45454545454545453,244.36985,428.18465700815824,0.0,181848.83689599988
7.16,0.45454545454545453,244.36985,428.18465700815824,0.0,181848.83689599988
7.18,0.45454545454545453,244.36985,428.18465700815824,0.0,181848.83689599988
7.2,0.45112781954887216,244.36985,428.18465700815824,2.0,181591.5827102079
7.22,0.46616541353383456,272.3791935483871,449.30835724645823,1.0,181591.5826496319
7.24,0.46616541353383456,273.0673548387097,450.6879329248428,1.0,181591.5826106799
7.26,0.46616541353383456,273.4952903225807,451.5152390198381,0.25,181591.58257172792
7.28,0.47368421052631576,272.61942857142856,447.9705402518635,0.25,181591.58253277594
7.3,0.47368421052631576,272.763253968254,447.95453678403106,0.0,181334.32832101596
7.32,0.4701492537313433,272.763253968254,447.95453678403106,0.0,181334.32832101596
7.34,0.4701492537313433,272.763253968254,447.95453678403106,0.0,181334.32832101596
7.36,0.4701492537313433,272.763253968254,447.95453678403106,0.0,181334.32832101596
7.38,0.4632352941176471,272.763253968254,447.95453678403106,0.0,181334.32832101596
7.4,0.4632352941176471,272.763253968254,447.95453678403106,0.0,181077.074135224
7.42,0.4632352941176471,272.763253968254,447.95453678403106,0.0,181077.074135224
7.44,0.4632352941176471,272.763253968254,447.95453678403106,0.0,181077.074135224
7.46,0.4632352941176471,272.763253968254,447.95453678403106,0.0,181077.074135224
7.48,0.45985401459854014,272.763253968254,447.95453678403106,0.0,181077.07412224
7.5,0.46715328467153283,268.747265625,445.58273946331514,0.0,180820.6064646813
7.52,0.46715328467153283,268.89103125,445.5025615316359,0.0,180820.6064516973
7.54,0.46715328467153283,268.89103125,445.5025615316359,0.0,180820.6064516973
7.56,0.46715328467153283,268.89103125,445.5025615316359,0.0,180820.6064516973
7.58,0.46715328467153283,268.89103125,445.5025615316359,0.0,180820.6064516973
7.6,0.46715328467153283,268.89103125,445.5025615316359,1.0,180564.1388330906
7.62,0.46715328467153283,268.89103125,445.5025615316359,0.0,180564.1388287706
7.64,0.47101449275362317,264.98659999999995,443.1644864986641,0.0,180564.13878981862
7.66,0.4714285714285714,261.3837121212121,440.7560517929551,0.25,180564.1387378826
7.68,0.4714285714285714,261.63289393939397,440.6181607615748,0.0,180564.13869893065
7.7,0.475177304964539,257.9491492537313,438.34039839873964,0.0,180307.67102838797
7.72,0.475177304964539,258.0458059701493,438.28748753632317,0.0,180307.67101540393
7.74,0.475177304964539,258.0458059701493,438.28748753632317,0.0,180307.67101540393
7.76,0.47183098591549294,258.0458059701493,438.28748753632317,0.0,180307.67101540393
7.78,0.47183098591549294,258.0458059701493,438.28748753632317,0.0,180307.67101540393
7.8,0.47183098591549294,258.0458059701493,438.28748753632317,0.0,180051.20339679724
7.82,0.47183098591549294,258.0458059701493,438.28748753632317,0.0,180051.20339679724
7.84,0.47183098591549294,258.0458059701493,438.28748753632317,0.0,180051.20339679724
7.86,0.46853146853146854,258.0458059701493,438.28748753632317,0.0,180051.20339679724
7.88,0.4652777777777778,258.0458059701493,438.28748753632317,0.0,180051.20337082926
7.9,0.4689655172413793,254.60832352941176,435.9617790999385,0.0,179794.73572625456
7.92,0.4657534246575342,254.60832352941176,435.9617790999385,0.0,179794.73571327055
7.94,0.46258503401360546,254.60832352941176,435.9617790999385,0.0,179794.73568730254
7.96,0.46938775510204084,251.29014492753623,433.65521139900443,0.0,179794.73566133456
7.98,0.46938775510204084,251.29014492753623,433.65521139900443,0.0,179794.73564835056
8.0,0.46938775510204084,251.29014492753623,433.65521139900443,2.0,179537.92680146074
8.02,0.4797297297297297,270.9611690140845,453.46174120640353,1.5,179537.92674088475
8.04,0.4797297297297297,271.24191549295773,453.5280959052056,1.5,179537.92670193277
8.06,0.4864864864864865,280.0289166666667,456.9602879682444,1.0,179537.92664999678
8.08,0.4864864864864865,280.17025,457.14625922906987,1.0,179537.92661104476
8.1,0.4899328859060403,276.56041095890413,455.3416459106564,0.0,179281.11772520293
8.12,0.4899328859060403,276.78687671232876,455.21069298467444,0.0,179281.11768625095
8.14,0.4866666666666667,276.78687671232876,455.21069298467444,0.0,179281.11768625095
8.16,0.4866666666666667,276.78687671232876,455.21069298467444,0.0,179281.11768625095
8.18,0.48344370860927155,276.78687671232876,455.21069298467444,0.0,179281.11768625095
8.2,0.48344370860927155,276.78687671232876,455.21069298467444,0.0,179024.30883936107
8.22,0.48026315789473684,276.78687671232876,455.21069298467444,0.0,179024.30883936107
8.24,0.48026315789473684,276.78687671232876,455.21069298467444,0.0,179024.30883936107
8.26,0.48026315789473684,276.78687671232876,455.21069298467444,0.0,179024.30883936107
8.28,0.47096774193548385,276.78687671232876,455.21069298467444,0.0,179024.30882637706
8.3,0.4774193548387097,273.2519054054054,453.13216387117365,0.0,178767.49994053523
8.32,0.4774193548387097,273.3564459459459,453.07350590277383,0.0,178767.49992755125
8.34,0.46540880503144655,273.3564459459459,453.07350590277383,0.0,178767.49992755125
8.36,0.46540880503144655,273.3564459459459,453.07350590277383,0.0,178767.49992755125
8.38,0.4625,273.3564459459459,453.07350590277383,0.0,178767.49992755125
8.4,0.4625,273.3564459459459,453.07350590277383,1.0,178510.6910806614
8.42,0.4625,273.3564459459459,453.07350590277383,0.0,178510.6910763414
8.44,0.4625,273.3564459459459,453.07350590277383,0.0,178510.6910763414
8.46,0.4625,273.3564459459459,453.07350590277383,0.0,178510.6910763414
8.48,0.46296296296296297,269.8426,451.0568479850849,0.0,178510.69103738942
8.5,0.4601226993865031,270.0342933333333,450.949342363767,0.0,178254.70998300306
8.52,0.4601226993865031,270.0342933333333,450.949342363767,0.0,178254.70998300306
8.54,0.4601226993865031,270.0342933333333,450.949342363767,0.0,178254.70998300306
8.56,0.4601226993865031,270.0342933333333,450.949342363767,0.0,178254.70998300306
8.58,0.4601226993865031,270.0342933333333,450.949342363767,0.0,178254.70998300306
8.6,0.4601226993865031,270.0342933333333,450.949342363767,0.0,177998.72895458472
8.62,0.4601226993865031,270.0342933333333,450.949342363767,0.0,177998.72895458472
8.64,0.4601226993865031,270.0342933333333,450.949342363767,0.0,177998.72895458472
8.66,0.4601226993865031,270.0342933333333,450.949342363767,0.0,177998.72895458472
8.68,0.4601226993865031,270.0342933333333,450.949342363767,0.0,177998.72895458472
8.7,0.4666666666666667,263.19735064935065,447.0194258604041,0.0,177742.74788721438
8.72,0.4666666666666667,263.7035064935065,446.73982895744285,0.0,177742.7478352784
8.74,0.4666666666666667,263.9596363636364,446.606540240899,0.0,177742.7477963264
8.76,0.4666666666666667,263.9596363636364,446.606540240899,0.0,177742.7477963264
8.78,0.4666666666666667,263.9596363636364,446.606540240899,0.0,177742.7477963264
8.8,0.4666666666666667,263.9596363636364,446.606540240899,2.0,177486.76676790806
8.82,0.4727272727272727,269.39010256410256,446.2857635776566,2.0,177486.76670733205
8.84,0.46987951807228917,269.58915384615386,446.4756416366099,2.0,177486.76666838006
8.86,0.4819277108433735,298.7089875,498.49189788559994,1.75,177486.7666164441
8.88,0.4819277108433735,298.8439375,498.5522741789055,1.75,177486.7665774921
8.9,0.48214285714285715,314.8131234567901,515.6423078341496,1.5,177230.78551012173
8.92,0.48214285714285715,314.9398641975308,515.9574654163922,1.5,177230.78547116977
8.94,0.48214285714285715,314.9398641975308,515.9574654163922,0.0,177230.78547116977
8.96,0.48214285714285715,314.9398641975308,515.9574654163922,0.0,177230.78547116977
8.98,0.48214285714285715,314.9398641975308,515.9574654163922,0.0,177230.78547116977
9.0,0.47928994082840237,314.9398641975308,515.9574654163922,0.0,176973.35660063176
9.02,0.47928994082840237,314.9398641975308,515.9574654163922,0.0,176973.35660063176
9.04,0.4764705882352941,314.9398641975308,515.9574654163922,0.0,176973.35660063176
9.06,0.4764705882352941,314.9398641975308,515.9574654163922,0.0,176973.35660063176
9.08,0.4764705882352941,314.9398641975308,515.9574654163922,0.0,176973.35660063176
9.1,0.47368421052631576,314.9398641975308,515.9574654163922,0.0,176715.92773009374
9.12,0.47368421052631576,314.9398641975308,515.9574654163922,0.0,176715.92773009374
9.14,0.47368421052631576,314.9398641975308,515.9574654163922,0.0,176715.92773009374
9.16,0.47368421052631576,314.9398641975308,515.9574654163922,0.0,176715.92773009374
9.18,0.47368421052631576,314.9398641975308,515.9574654163922,0.0,176715.92773009374
9.2,0.47368421052631576,314.9398641975308,515.9574654163922,1.0,176458.49885955575
9.22,0.46551724137931033,314.9398641975308,515.9574654163922,0.0,176458.49884225175
9.24,0.47126436781609193,311.2927195121951,513.8511961966364,0.0,176458.49880329974
9.26,0.47126436781609193,311.38736585365854,513.7974861976621,0.0,176458.49879031576
9.28,0.4685714285714286,311.38736585365854,513.7974861976621,0.0,176458.49877733176
9.3,0.4742857142857143,307.9011927710843,511.667723489829,0.0,176201.06986784175
9.32,0.4742857142857143,307.9011927710843,511.667723489829,0.0,176201.06985485775
9.34,0.4742857142857143,307.9011927710843,511.667723489829,0.0,176201.06985485775
9.36,0.4772727272727273,304.29504761904764,509.67293642902825,0.0,176201.06982888977
9.38,0.4772727272727273,304.50710714285714,509.5520498270076,0.0,176201.06978993776
9.4,0.4772727272727273,304.50710714285714,509.5520498270076,0.0,175943.64091939974
9.42,0.4772727272727273,304.50710714285714,509.5520498270076,0.0,175943.64091939974
9.44,0.4772727272727273,304.50710714285714,509.5520498270076,0.0,175943.64091939974
9.46,0.4772727272727273,304.50710714285714,509.5520498270076,0.0,175943.64091939974
9.48,0.4772727272727273,304.50710714285714,509.5520498270076,0.0,175943.64091939974
9.5,0.47752808988764045,301.04803529411765,507.5369341051753,0.0,175686.25240240656
9.52,0.47752808988764045,301.1298705882353,507.4906359440893,0.0,175686.25237643856
9.54,0.4748603351955307,301.1298705882353,507.4906359440893,0.0,175686.25236345455
9.56,0.48333333333333334,294.4632988505747,503.50275916670546,0.0,175686.2523115186
9.58,0.48333333333333334,294.75645977011493,503.34211607309203,0.0,175686.25227256658
9.6,0.48333333333333334,294.9692988505747,503.2289573748031,2.0,175428.86376855738
9.62,0.49444444444444446,314.88219101123593,538.6486103987173,1.25,175428.8637079814
9.64,0.49444444444444446,315.2345393258427,538.9912983461794,1.25,175428.8636690294
9.66,0.49171270718232046,315.5642696629214,540.1846551984006,1.25,175428.86363007742
9.68,0.5027624309392266,323.41223076923075,545.8356692000813,0.25,175428.86357814143
9.7,0.5027624309392266,323.87649450549446,545.8863555386826,0.25,175171.47506114823
9.72,0.5027624309392266,324.02930769230767,545.8074756887738,0.25,175171.47502219625
9.74,0.5027624309392266,324.02930769230767,545.8074756887738,0.0,175171.47502219625
9.76,0.5027624309392266,324.02930769230767,545.8074756887738,0.0,175171.47502219625
9.78,0.5027624309392266,324.02930769230767,545.8074756887738,0.0,175171.47502219625
9.8,0.5,324.02930769230767,545.8074756887738,0.0,174914.08654415503
9.82,0.5,324.02930769230767,545.8074756887738,0.0,174914.08654415503
9.84,0.5,324.02930769230767,545.8074756887738,0.0,174914.08654415503
9.86,0.4972677595628415,324.02930769230767,545.8074756887738,0.0,174914.08654415503
9.88,0.4972677595628415,324.02930769230767,545.8074756887738,0.0,174914.08654415503
9.9,0.4945652173913043,324.02930769230767,545.8074756887738,0.0,174656.69805312983
9.92,0.4972972972972973,320.6728695652174,543.7764895509682,0.0,174656.69801417785
9.94,0.4946236559139785,320.7736956521739,543.7207039263524,0.0,174656.69800119384
9.96,0.4946236559139785,320.7736956521739,543.7207039263524,0.0,174656.69800119384
9.98,0.4919786096256685,320.7736956521739,543.7207039263524,0.0,174656.69800119384
10.0,0.4919786096256685,320.7736956521739,543.7207039263524,1.0,174398.5041397332
10.02,0.4919786096256685,320.7736956521739,543.7207039263524,0.0,174398.50413541324
10.04,0.4919786096256685,320.7736956521739,543.7207039263524,0.0,174398.50413541324
10.06,0.4919786096256685,320.7736956521739,543.7207039263524,0.0,174398.50413541324
10.08,0.4919786096256685,320.7736956521739,543.7207039263524,0.0,174398.50413541324
10.1,0.4919786096256685,320.7736956521739,543.7207039263524,0.0,174140.3102739526
10.12,0.4919786096256685,320.7736956521739,543.7207039263524,0.0,174140.3102739526
10.14,0.49206349206349204,317.48039784946235,541.7113415229999,0.0,174140.31023500062
10.16,0.49206349206349204,317.5526129032258,541.6713924430613,0.0,174140.31020903264
10.18,0.49206349206349204,317.5526129032258,541.6713924430613,0.0,174140.31020903264
10.2,0.49473684210526314,314.2236489361702,539.7380502451148,0.0,173882.11633458803
10.22,0.49473684210526314,314.4316595744681,539.622450701346,0.0,173882.11628265204
10.24,0.49214659685863876,314.4316595744681,539.622450701346,0.0,173882.11628265204
10.26,0.49214659685863876,314.4316595744681,539.622450701346,0.0,173882.11628265204
10.28,0.49214659685863876,314.4316595744681,539.622450701346,0.0,173882.11628265204
10.3,0.4895833333333333,314.4316595744681,539.622450701346,0.0,173623.9224211914
10.32,0.4895833333333333,314.4316595744681,539.622450701346,0.0,173623.9224211914
10.34,0.4895833333333333,314.4316595744681,539.622450701346,0.0,173623.9224211914
10.36,0.4895833333333333,314.4316595744681,539.622450701346,0.0,173623.9224211914
10.38,0.4895833333333333,314.4316595744681,539.622450701346,0.0,173623.9224211914
10.4,0.4895833333333333,314.4316595744681,539.622450701346,2.0,173365.7285597308
10.42,0.5,345.98438541666667,601.976529293335,1.0,173365.72850023484
10.44,0.49740932642487046,346.4122604166667,603.0355657645439,1.0,173365.72844721883
10.46,0.5025906735751295,343.1613195876289,600.8799409498952,1.0,173365.72840826685
10.48,0.5077720207253886,361.27140816326533,623.5967259476179,0.25,173365.72835633086
10.5,0.5077720207253886,361.49102040816325,624.216233999918,0.0,173107.70627603828
10.52,0.5077720207253886,361.49102040816325,624.216233999918,0.0,173107.70626305428
10.54,0.5077720207253886,361.49102040816325,624.216233999918,0.0,173107.70626305428
10.56,0.5051546391752577,361.49102040816325,624.216233999918,0.0,173107.70626305428
10.58,0.5051546391752577,361.49102040816325,624.216233999918,0.0,173107.70626305428
10.6,0.5,361.49102040816325,624.216233999918,0.0,172849.68423469766
10.62,0.5,357.94247474747476,622.0483283690538,0.0,172849.68419574568
10.64,0.5,358.08364646464645,621.9709710858383,0.0,172849.6841697777
10.66,0.5,358.08364646464645,621.9709710858383,0.0,172849.6841697777
10.68,0.495,358.08364646464645,621.9709710858383,0.0,172849.6841697777
10.7,0.495,358.08364646464645,621.9709710858383,0.0,172591.6621414211
10.72,0.495,358.08364646464645,621.9709710858383,0.0,172591.6621414211
10.74,0.495,358.08364646464645,621.9709710858383,0.0,172591.6621414211
10.76,0.495,358.08364646464645,621.9709710858383,0.0,172591.6621414211
10.78,0.4925373134328358,358.08364646464645,621.9709710858383,0.0,172591.6621414211
10.8,0.4925373134328358,358.08364646464645,621.9709710858383,1.0,172333.6401130645
10.82,0.4925373134328358,358.08364646464645,621.9709710858383,0.0,172333.64010874453
10.84,0.4925373134328358,358.08364646464645,621.9709710858383,0.0,172333.64010874453
10.86,0.4925373134328358,358.08364646464645,621.9709710858383,0.0,172333.64010874453
10.88,0.4925373134328358,358.08364646464645,621.9709710858383,0.0,172333.64010874453
10.9,0.4925373134328358,358.08364646464645,621.9709710858383,0.0,172075.6180803879
10.92,0.4900990099009901,358.08364646464645,621.9709710858383,0.0,172075.6180803879
10.94,0.4876847290640394,358.08364646464645,621.9709710858383,0.0,172075.6180803879
10.96,0.4876847290640394,358.08364646464645,621.9709710858383,0.0,172075.6180803879
10.98,0.4876847290640394,358.08364646464645,621.9709710858383,0.0,172075.6180803879
11.0,0.4852941176470588,358.08364646464645,621.9709710858383,0.0,171818.3994809974
11.02,0.4852941176470588,358.08364646464645,621.9709710858383,0.0,171818.3994809974
11.04,0.4878048780487805,354.59959999999995,619.8234663045116,0.0,171818.39944204543
11.06,0.4878048780487805,354.73816999999997,619.7478834570563,0.0,171818.39941607742
11.08,0.4878048780487805,354.73816999999997,619.7478834570563,0.0,171818.39941607742
11.1,0.4878048780487805,354.73816999999997,619.7478834570563,0.0,171561.18081668692
11.12,0.4878048780487805,354.73816999999997,619.7478834570563,0.0,171561.18081668692
11.14,0.4878048780487805,354.73816999999997,619.7478834570563,0.0,171561.18081668692
11.16,0.4878048780487805,354.73816999999997,619.7478834570563,0.0,171561.18081668692
11.18,0.4878048780487805,354.73816999999997,619.7478834570563,0.0,171561.18081668692
11.2,0.49029126213592233,351.3209603960396,617.6182682418467,2.0,171303.96217834443
11.22,0.49038461538461536,354.10564705882354,615.1640329679755,1.75,171303.96213291242
11.24,0.4951923076923077,360.6806601941747,615.2209429224903,1.75,171303.96208097646
11.26,0.5,389.782375,678.3818143729859,1.0,171303.96202688047
11.28,0.5,390.43353846153843,679.8583771192142,1.0,171303.96197494445
11.3,0.5048076923076923,387.48966666666666,677.2789242379308,0.0,171046.74332361796
11.32,0.5023923444976076,387.58577142857143,677.2361880419177,0.0,171046.74328466598
11.34,0.5023923444976076,387.58577142857143,677.2361880419177,0.0,171046.74328466598
11.36,0.5023696682464455,384.07426415094335,674.9938519435495,0.0,171046.743245714
11.38,0.5023696682464455,384.156679245283,674.9493603929552,0.0,171046.743219746
11.4,0.5023696682464455,384.156679245283,674.9493603929552,0.0,170789.52462035546
11.42,0.5023696682464455,384.156679245283,674.9493603929552,0.0,170789.52462035546
11.44,0.5023696682464455,384.156679245283,674.9493603929552,0.0,170789.52462035546
11.46,0.5,384.156679245283,674.9493603929552,0.0,170789.52462035546
11.48,0.5,384.156679245283,674.9493603929552,0.0,170789.52462035546
11.5,0.49765258215962443,384.156679245283,674.9493603929552,0.0,170532.77437726173
11.52,0.4953271028037383,384.156679245283,674.9493603929552,0.0,170532.77437726173
11.54,0.4930232558139535,384.156679245283,674.9493603929552,0.0,170532.77437726173
11.56,0.4930232558139535,384.156679245283,674.9493603929552,0.0,170532.77437726173
11.58,0.4930232558139535,384.156679245283,674.9493603929552,0.0,170532.77437726173
11.6,0.4930232558139535,384.156679245283,674.9493603929552,1.0,170276.024134168
11.62,0.49074074074074076,384.156679245283,674.9493603929552,0.0,170276.024129848
11.64,0.4930875576036866,380.66218691588784,672.7507093534656,0.0,170276.02410388
11.66,0.4930875576036866,380.7847663551402,672.6843976522968,0.0,170276.024064928
11.68,0.4930875576036866,380.7847663551402,672.6843976522968,0.0,170276.024064928
11.7,0.4930875576036866,380.7847663551402,672.6843976522968,0.0,170019.27382183424
11.72,0.4954128440366973,377.3013055555556,670.5317558729934,0.0,170019.27379586626
11.74,0.4954128440366973,377.45994444444443,670.4455752593559,0.0,170019.27375691425
11.76,0.4931506849315068,377.45994444444443,670.4455752593559,0.0,170019.27375691425
11.78,0.4931506849315068,377.45994444444443,670.4455752593559,0.0,170019.27375691425
11.8,0.4931506849315068,377.45994444444443,670.4455752593559,0.0,169762.52351382055
11.82,0.4909090909090909,377.45994444444443,670.4455752593559,0.0,169762.52351382055
11.84,0.4909090909090909,377.45994444444443,670.4455752593559,0.0,169762.52351382055
11.86,0.4909090909090909,377.45994444444443,670.4455752593559,0.0,169762.52351382055
11.88,0.4909090909090909,377.45994444444443,670.4455752593559,0.0,169762.52351382055
11.9,0.4909090909090909,377.45994444444443,670.4455752593559,0.0,169505.7732707268
11.92,0.4909090909090909,377.45994444444443,670.4455752593559,0.0,169505.7732707268
11.94,0.4909090909090909,377.45994444444443,670.4455752593559,0.0,169505.7732707268
11.96,0.48868778280542985,377.45994444444443,670.4455752593559,0.0,169505.7732577428
11.98,0.49321266968325794,374.13828440366973,668.2552290640265,0.0,169505.77321879077
12.0,0.49321266968325794,374.1981100917431,668.2234013161741,2.0,169249.2445672304
12.02,0.502262443438914,406.1657207207207,737.4668725978452,1.0,169249.24450665442
12.04,0.5067873303167421,408.93,735.2386473336517,1.0,169249.24445471843
12.06,0.5067873303167421,409.32846428571423,736.2020713061846,1.0,169249.2444157664
12.08,0.5067873303167421,409.66760714285715,736.2555226646176,0.0,169249.24436383042
12.1,0.5113122171945701,409.0237079646017,733.0221903021834,0.0,168992.71568630205
12.12,0.5113122171945701,409.0237079646017,733.0221903021834,0.0,168992.71566033404
12.14,0.5113122171945701,409.0237079646017,733.0221903021834,0.0,168992.71566033404
12.16,0.509009009009009,409.0237079646017,733.0221903021834,0.0,168992.71566033404
12.18,0.5067264573991032,409.0237079646017,733.0221903021834,0.0,168992.71566033404
12.2,0.5067264573991032,409.0237079646017,733.0221903021834,0.0,168736.18702175765
12.22,0.5067264573991032,409.0237079646017,733.0221903021834,0.0,168736.18702175765
12.24,0.5067264573991032,409.0237079646017,733.0221903021834,0.0,168736.18702175765
12.26,0.5067264573991032,409.0237079646017,733.0221903021834,0.0,168736.18702175765
12.28,0.5089285714285714,405.4772456140351,730.773172992915,0.0,168736.18699578964
12.3,0.5089285714285714,405.61284210526316,730.7002308580157,0.0,168479.65833124524
12.32,0.5089285714285714,405.61284210526316,730.7002308580157,0.0,168479.65831826124
12.34,0.5066666666666667,405.61284210526316,730.7002308580157,0.0,168479.65831826124
12.36,0.504424778761062,405.61284210526316,730.7002308580157,0.0,168479.65831826124
12.38,0.504424778761062,405.61284210526316,730.7002308580157,0.0,168479.65831826124
12.4,0.5022026431718062,405.61284210526316,730.7002308580157,1.0,168223.12967968485
12.42,0.5022026431718062,405.61284210526316,730.7002308580157,0.0,168223.12967536482
12.44,0.5022026431718062,405.61284210526316,730.7002308580157,0.0,168223.12967536482
12.46,0.5022026431718062,405.61284210526316,730.7002308580157,0.0,168223.12967536482
12.48,0.4978165938864629,405.61284210526316,730.7002308580157,0.0,168223.12967536482
12.5,0.5,402.2254782608696,728.4147739002929,0.25,167967.34075134495
12.52,0.5,402.28683478260865,728.3825404266387,0.0,167967.34073836094
12.54,0.5021645021645021,398.8609396551724,726.1661117902054,0.0,167967.34071239294
12.56,0.5021645021645021,399.0108793103448,726.0865385738757,0.0,167967.34068642496
12.58,0.49572649572649574,399.0108793103448,726.0865385738757,0.0,167967.34064747294
12.6,0.5,395.77231623931624,723.8178680580589,0.0,167711.55174942105
12.62,0.4978723404255319,395.77231623931624,723.8178680580589,0.0,167711.55173643705
12.64,0.4957627118644068,395.77231623931624,723.8178680580589,0.0,167711.55173643705
12.66,0.4936708860759494,395.77231623931624,723.8178680580589,0.0,167711.55173643705
12.68,0.4936708860759494,395.77231623931624,723.8178680580589,0.0,167711.55173643705
12.7,0.4936708860759494,395.77231623931624,723.8178680580589,0.0,167455.76286435314
12.72,0.4936708860759494,395.77231623931624,723.8178680580589,0.0,167455.76286435314
12.74,0.4936708860759494,395.77231623931624,723.8178680580589,0.0,167455.76286435314
12.76,0.49159663865546216,395.77231623931624,723.8178680580589,0.0,167455.76286435314
12.78,0.49372384937238495,392.460593220339,721.6339584006238,0.0,167455.76283838518
12.8,0.49166666666666664,392.60680508474576,721.5571808555727,2.0,167199.97392734926
12.82,0.5,399.090325,720.4692036204157,0.75,167199.97387975728
12.84,0.5020746887966805,413.98719008264464,735.2036907047863,1.0,167199.97382782126
12.86,0.5020746887966805,414.2741983471075,735.6765052266674,1.0,167199.97377588527
12.88,0.5041322314049587,411.3577786885246,733.6181885749061,1.0,167199.97372394928
12.9,0.5020576131687243,411.89355737704915,734.0859775491645,1.25,166944.1848129134
12.92,0.5061728395061729,413.23027642276423,731.2448686499168,0.75,166944.1847609774
12.94,0.5040983606557377,413.27788617886176,731.2556754204408,0.75,166944.1847220254
12.96,0.5040983606557377,413.27788617886176,731.2556754204408,0.0,166944.1847220254
12.98,0.5040983606557377,413.27788617886176,731.2556754204408,0.0,166944.1847220254
13.0,0.5040983606557377,413.27788617886176,731.2556754204408,0.0,166688.04670344465
13.02,0.5020408163265306,413.27788617886176,731.2556754204408,0.0,166688.04670344465
13.04,0.5020408163265306,413.27788617886176,731.2556754204408,0.0,166688.04670344465
13.06,0.5020408163265306,413.27788617886176,731.2556754204408,0.0,166688.04670344465
13.08,0.4979757085020243,413.27788617886176,731.2556754204408,0.0,166688.04669046064
13.1,0.5020242914979757,410.07350806451615,729.1676444534427,0.0,166431.90863292787
13.12,0.5,410.07350806451615,729.1676444534427,0.0,166431.9086199439
13.14,0.4979919678714859,410.07350806451615,729.1676444534427,0.0,166431.9086199439
13.16,0.4979919678714859,410.07350806451615,729.1676444534427,0.0,166431.9086199439
13.18,0.4979919678714859,410.07350806451615,729.1676444534427,0.0,166431.9086199439
13.2,0.496,410.07350806451615,729.1676444534427,1.0,166175.77060136315
13.22,0.496,410.07350806451615,729.1676444534427,0.0,166175.77059704316
13.24,0.49603174603174605,406.870528,727.1204138025952,0.25,166175.77055809114
13.26,0.49407114624505927,406.970504,727.0666549442809,0.25,166175.77051913916
13.28,0.4980237154150198,404.13418253968257,724.8696895613831,0.25,166175.77046720317
13.3,0.4980237154150198,404.13418253968257,724.8696895613831,0.0,165919.63244862237
13.32,0.4980237154150198,404.13418253968257,724.8696895613831,0.0,165919.63244862237
13.34,0.49606299212598426,404.13418253968257,724.8696895613831,0.0,165919.63244862237
13.36,0.4921875,404.13418253968257,724.8696895613831,0.0,165919.63244862237
13.38,0.4921875,404.13418253968257,724.8696895613831,0.0,165919.63244862237
13.4,0.4921875,404.13418253968257,724.8696895613831,0.0,165663.49443004164
13.42,0.490272373540856,404.13418253968257,724.8696895613831,0.0,165663.49443004164
13.44,0.490272373540856,404.13418253968257,724.8696895613831,0.0,165663.49443004164
13.46,0.490272373540856,404.13418253968257,724.8696895613831,0.0,165663.49443004164
13.48,0.490272373540856,404.13418253968257,724.8696895613831,0.0,165663.49443004164
13.5,0.490272373540856,404.13418253968257,724.8696895613831,0.0,165406.64112060706
13.52,0.490272373540856,404.13418253968257,724.8696895613831,0.0,165406.64112060706
13.54,0.4883720930232558,404.13418253968257,724.8696895613831,0.0,165406.64112060706
13.56,0.4864864864864865,404.13418253968257,724.8696895613831,0.0,165406.64110762306
13.58,0.49034749034749037,401.1036299212598,722.8111720053154,0.0,165406.6410556871
13.6,0.49034749034749037,401.1036299212598,722.8111720053154,2.0,165149.78774625252
13.62,0.49615384615384617,419.74548062015504,748.6477222789805,1.5,165149.78768567654
13.64,0.49615384615384617,420.09875968992253,749.1467638805251,1.5,165149.78764672455
13.66,0.49615384615384617,420.09875968992253,749.1467638805251,1.0,165149.78760777257
13.68,0.5038461538461538,422.06759541984735,746.0475896203795,0.75,165149.78755583658
13.7,0.5038461538461538,422.33228244274807,746.0206422525997,0.75,164892.934194466
13.72,0.5038461538461538,422.41767175572517,745.9823984515339,0.0,164892.93416849803
13.74,0.5038461538461538,422.41767175572517,745.9823984515339,0.0,164892.93416849803
13.76,0.5038461538461538,422.41767175572517,745.9823984515339,0.0,164892.93416849803
13.78,0.5038461538461538,422.41767175572517,745.9823984515339,0.0,164892.93416849803
13.8,0.5038461538461538,422.41767175572517,745.9823984515339,0.0,164636.08085906343
13.82,0.5038461538461538,422.41767175572517,745.9823984515339,0.0,164636.08085906343
13.84,0.5057471264367817,419.3342272727273,743.9888486793373,0.0,164636.08080712747
13.86,0.5057471264367817,419.3722272727273,743.9683443197924,0.0,164636.0807941435
13.88,0.5038167938931297,419.3722272727273,743.9683443197924,0.0,164636.0807941435
13.9,0.5038167938931297,419.3722272727273,743.9683443197924,0.0,164379.22748470888
13.92,0.5038167938931297,419.3722272727273,743.9683443197924,0.0,164379.22748470888
13.94,0.5019011406844106,419.3722272727273,743.9683443197924,0.0,164379.22748470888
13.96,0.5,419.3722272727273,743.9683443197924,0.0,164379.22748470888
13.98,0.5,419.3722272727273,743.9683443197924,0.0,164379.22748470888
14.0,0.5,419.3722272727273,743.9683443197924,1.0,164124.12191480634
14.02,0.5,419.3722272727273,743.9683443197924,0.0,164124.12191048634
14.04,0.5,419.3722272727273,743.9683443197924,0.0,164124.12191048634
14.06,0.5,419.3722272727273,743.9683443197924,0.0,164124.12191048634
14.08,0.4981132075471698,419.3722272727273,743.9683443197924,0.0,164124.12191048634
14.1,0.4981132075471698,419.3722272727273,743.9683443197924,0.0,163869.0163405838
14.12,0.4981132075471698,419.3722272727273,743.9683443197924,0.0,163869.0163405838
14.14,0.4981132075471698,419.3722272727273,743.9683443197924,0.0,163869.0163405838
14.16,0.49624060150375937,419.3722272727273,743.9683443197924,0.0,163869.0163405838
14.18,0.49812734082397003,416.34285714285716,741.9829524320769,0.0,163869.0163016318
14.2,0.49812734082397003,416.399969924812,741.9524621612504,0.0,163613.91070576123
14.22,0.5,413.3265746268657,740.028095337183,0.0,163613.91067979325
14.24,0.49814126394052044,413.45249253731345,739.9599650246389,0.0,163613.91065382524
14.26,0.4962962962962963,413.45249253731345,739.9599650246389,0.0,163613.91064084126
14.28,0.4962962962962963,413.45249253731345,739.9599650246389,0.0,163613.91064084126
14.3,0.4962962962962963,413.45249253731345,739.9599650246389,0.0,163358.8050709387
14.32,0.4962962962962963,413.45249253731345,739.9599650246389,0.0,163358.8050709387
14.34,0.4962962962962963,413.45249253731345,739.9599650246389,0.0,163358.8050709387
14.36,0.4944649446494465,413.45249253731345,739.9599650246389,0.0,163358.8050709387
14.38,0.4944649446494465,413.45249253731345,739.9599650246389,0.0,163358.8050709387
14.4,0.4944649446494465,413.45249253731345,739.9599650246389,2.0,163103.69950103614
14.42,0.5018450184501845,426.63775,742.9393817859644,0.75,163103.69944046016
14.44,0.5018450184501845,426.85203676470593,743.219878853447,0.75,163103.69940150814
14.46,0.5055350553505535,428.12149635036496,740.7236159332692,0.5,163103.69934957218
14.48,0.5092250922509225,436.462115942029,744.41266765169,0.25,163103.6992976362
14.5,0.5092250922509225,436.8124420289855,744.7683847835038,0.25,162849.19773889074
14.52,0.5092250922509225,436.8124420289855,744.7683847835038,0.0,162849.19771292276
14.54,0.5091575091575091,433.7034604316547,742.9827182003675,0.0,162849.19768695475
14.56,0.5091575091575091,433.8478992805755,742.9012442101457,0.0,162849.19764800277
14.58,0.5072992700729927,433.8478992805755,742.9012442101457,0.0,162849.19764800277
14.6,0.5054545454545455,433.8478992805755,742.9012442101457,0.0,162594.69612820935
14.62,0.5036231884057971,433.8478992805755,742.9012442101457,0.0,162594.69612820935
14.64,0.5018050541516246,433.8478992805755,742.9012442101457,0.0,162594.69612820935
14.66,0.5018050541516246,433.8478992805755,742.9012442101457,0.0,162594.69612820935
14.68,0.5018050541516246,433.8478992805755,742.9012442101457,0.0,162594.69612820935
14.7,0.5018050541516246,433.8478992805755,742.9012442101457,0.0,162340.19460841588
14.72,0.5018050541516246,433.8478992805755,742.9012442101457,0.0,162340.19460841588
14.74,0.5018050541516246,433.8478992805755,742.9012442101457,0.0,162340.19460841588
14.76,0.5,433.8478992805755,742.9012442101457,0.0,162340.19460841588
14.78,0.5,433.8478992805755,742.9012442101457,0.0,162340.19460841588
14.8,0.49642857142857144,433.8478992805755,742.9012442101457,1.0,162085.69308862247
14.82,0.49642857142857144,433.8478992805755,742.9012442101457,0.0,162085.69308430247
14.84,0.49642857142857144,433.8478992805755,742.9012442101457,0.0,162085.69308430247
14.86,0.49642857142857144,433.8478992805755,742.9012442101457,0.0,162085.69308430247
14.88,0.498220640569395,430.7835428571429,741.1243813415664,0.0,162085.6930453505
14.9,0.498220640569395,430.9230928571429,741.0460000108332,0.0,161831.19149958904
14.92,0.49645390070921985,430.9230928571429,741.0460000108332,0.0,161831.19149958904
14.94,0.49469964664310956,430.9230928571429,741.0460000108332,0.0,161831.19149958904
14.96,0.49295774647887325,430.9230928571429,741.0460000108332,0.0,161831.19149958904
14.98,0.49295774647887325,430.9230928571429,741.0460000108332,0.0,161831.19149958904
15.0,0.49122807017543857,430.9230928571429,741.0460000108332,0.0,161574.78371257044
15.02,0.493006993006993,427.97253900709217,739.2383287284947,0.25,161574.78366063442
15.04,0.493006993006993,428.0261631205674,739.2086359100676,0.0,161574.78364765045
15.06,0.493006993006993,428.0261631205674,739.2086359100676,0.0,161574.78364765045
15.08,0.493006993006993,428.0261631205674,739.2086359100676,0.0,161574.78364765045
15.1,0.493006993006993,428.0261631205674,739.2086359100676,0.0,161318.37586063182
15.12,0.493006993006993,428.0261631205674,739.2086359100676,0.0,161318.37586063182
15.14,0.49477351916376305,425.04688028169016,737.4502334291332,0.0,161318.3758346638
15.16,0.49477351916376305,425.1911971830986,737.3700119199835,0.0,161318.37579571182
15.18,0.49477351916376305,425.1911971830986,737.3700119199835,0.0,161318.37579571182
15.2,0.49477351916376305,425.1911971830986,737.3700119199835,2.0,161061.9680086932
15.22,0.5017421602787456,437.70870833333333,744.3745756656116,0.5,161061.9679481172
15.24,0.5052264808362369,437.8589448275862,742.0935509420748,0.5,161061.96789618122
15.26,0.5052264808362369,438.35349655172416,742.1974723728238,0.5,161061.96784424523
15.28,0.5087108013937283,437.3906164383562,740.1828150437932,0.25,161061.96780529324
15.3,0.5069444444444444,437.4585,740.1680022284579,0.0,160805.55996633862
15.32,0.5138888888888888,435.1424527027027,735.9953274230472,0.0,160805.55991440263
15.34,0.5121107266435986,435.39038513513515,735.957717843206,0.25,160805.55986246665
15.36,0.5121107266435986,435.53708108108106,735.8790138675624,0.0,160805.55982351466
15.38,0.5103448275862069,435.53708108108106,735.8790138675624,0.0,160805.55982351466
15.4,0.5103448275862069,435.53708108108106,735.8790138675624,0.0,160549.15203649603
15.42,0.5103448275862069,435.53708108108106,735.8790138675624,0.0,160549.15203649603
15.44,0.5103448275862069,435.53708108108106,735.8790138675624,0.0,160549.15203649603
15.46,0.5103448275862069,435.53708108108106,735.8790138675624,0.0,160549.15203649603
15.48,0.5103448275862069,435.53708108108106,735.8790138675624,0.0,160549.15203649603
15.5,0.5103448275862069,435.53708108108106,735.8790138675624,0.0,160292.8430738438
15.52,0.5085910652920962,435.53708108108106,735.8790138675624,0.0,160292.8430738438
15.54,0.5068493150684932,435.53708108108106,735.8790138675624,0.0,160292.8430738438
15.56,0.5068493150684932,435.53708108108106,735.8790138675624,0.0,160292.8430738438
15.58,0.5068493150684932,435.53708108108106,735.8790138675624,0.0,160292.8430738438
15.6,0.5051194539249146,435.53708108108106,735.8790138675624,1.0,160036.53411119158
15.62,0.5034013605442177,435.53708108108106,735.8790138675624,0.0,160036.53410687158
15.64,0.5016949152542373,435.53708108108106,735.8790138675624,0.0,160036.5340938876
15.66,0.5050847457627119,432.7233020134228,734.203883648678,0.0,160036.53405493562
15.68,0.5033783783783784,432.7233020134228,734.203883648678,0.0,160036.5340289676
15.7,0.5050505050505051,429.9349133333333,732.5436042195435,0.0,159780.2250273634
15.72,0.5050505050505051,429.99902000000003,732.5076625131733,0.0,159780.22501437942
15.74,0.5033557046979866,429.99902000000003,732.5076625131733,0.0,159780.22501437942
15.76,0.5033557046979866,429.99902000000003,732.5076625131733,0.0,159780.22501437942
15.78,0.5016722408026756,429.99902000000003,732.5076625131733,0.0,159780.22501437942
15.8,0.5016722408026756,429.99902000000003,732.5076625131733,0.0,159523.9160517272
15.82,0.5016722408026756,429.99902000000003,732.5076625131733,0.0,159523.9160517272
15.84,0.5016722408026756,429.99902000000003,732.5076625131733,0.0,159523.9160517272
15.86,0.5016722408026756,429.99902000000003,732.5076625131733,0.0,159523.9160517272
15.88,0.5016722408026756,429.99902000000003,732.5076625131733,0.0,159523.9160517272
15.9,0.5016722408026756,429.99902000000003,732.5076625131733,0.0,159267.607089075
15.92,0.5,429.99902000000003,732.5076625131733,0.0,159267.607076091
15.94,0.5033333333333333,427.25227814569536,730.8527466402821,0.0,159267.607037139
15.96,0.5016611295681063,427.30470198675494,730.8234746387055,0.0,159267.607024155
15.98,0.5,427.30470198675494,730.8234746387055,0.0,159267.607024155
16.0,0.49834983498349833,427.30470198675494,730.8234746387055,2.0,159010.1092732442
16.02,0.5032894736842105,426.3762745098039,726.8361265625565,0.25,159010.1092126682
16.04,0.506578947368421,427.01864935064935,724.5394427921542,0.25,159010.10916073222
16.06,0.506578947368421,427.41224025974026,724.4529457442851,0.25,159010.10910879623
16.08,0.506578947368421,427.5233831168831,724.493165949432,0.25,159010.10908282822
16.1,0.506578947368421,427.5233831168831,724.493165949432,0.0,158752.61131893343
16.12,0.506578947368421,427.5233831168831,724.493165949432,0.0,158752.61131893343
16.14,0.506578947368421,427.5233831168831,724.493165949432,0.0,158752.61131893343
16.16,0.506578947368421,427.5233831168831,724.493165949432,0.0,158752.61131893343
16.18,0.5081967213114754,424.79552903225806,722.9452960676571,0.0,158752.61129296545
16.2,0.5081967213114754,424.8986064516129,722.8865290349695,0.0,158495.11351608663
16.22,0.5081967213114754,424.8986064516129,722.8865290349695,0.0,158495.11350310262
16.24,0.5081967213114754,424.8986064516129,722.8865290349695,0.0,158495.11350310262
16.26,0.5081967213114754,424.8986064516129,722.8865290349695,0.0,158495.11350310262
16.28,0.5081967213114754,424.8986064516129,722.8865290349695,0.0,158495.11350310262
16.3,0.5065359477124183,424.8986064516129,722.8865290349695,0.0,158237.61573920783
16.32,0.5098039215686274,422.2718076923077,721.3076110509757,0.0,158237.61570025585
16.34,0.5098039215686274,422.32793589743585,721.2762663802133,0.0,158237.61568727184
16.36,0.5098039215686274,422.32793589743585,721.2762663802133,0.0,158237.61568727184
16.38,0.50814332247557,422.32793589743585,721.2762663802133,0.0,158237.61568727184
16.4,0.5048543689320388,422.32793589743585,721.2762663802133,1.0,157980.11793636103
16.42,0.5048543689320388,422.32793589743585,721.2762663802133,0.0,157980.11793204103
16.44,0.5048543689320388,422.32793589743585,721.2762663802133,0.0,157980.11793204103
16.46,0.5048543689320388,422.32793589743585,721.2762663802133,0.0,157980.11793204103
16.48,0.5064516129032258,419.70125477707006,719.7236553957465,0.0,157980.11789308905
16.5,0.5064516129032258,419.7907898089172,719.6735472146893,0.0,157722.79713203548
16.52,0.5080385852090032,417.19416455696205,718.1298929424202,0.0,157722.7970930835
16.54,0.5080385852090032,417.233,718.1080112494714,0.0,157722.7970671155
16.56,0.5080385852090032,417.233,718.1080112494714,0.0,157722.7970671155
16.58,0.5080385852090032,417.233,718.1080112494714,0.0,157722.7970671155
16.6,0.5080385852090032,417.233,718.1080112494714,0.0,157465.47633202997
16.62,0.5080385852090032,417.233,718.1080112494714,0.0,157465.47633202997
16.64,0.5080385852090032,417.233,718.1080112494714,0.0,157465.47633202997
16.66,0.5080385852090032,417.233,718.1080112494714,0.0,157465.47633202997
16.68,0.5080385852090032,417.233,718.1080112494714,0.0,157465.47633202997
16.7,0.5064102564102564,417.233,718.1080112494714,0.0,157208.15559694442
16.72,0.5064102564102564,417.233,718.1080112494714,0.0,157208.15559694442
16.74,0.5064102564102564,417.233,718.1080112494714,0.0,157208.15559694442
16.76,0.5064102564102564,417.233,718.1080112494714,0.0,157208.15559694442
16.78,0.5064102564102564,417.233,718.1080112494714,0.0,157208.15559694442
16.8,0.5079872204472844,414.6734716981132,716.5688649331233,2.0,156950.83482290688
16.82,0.5111821086261981,420.27124375,717.7266775386954,0.5,156950.8347774749
16.84,0.5111821086261981,420.3494375,717.8235577199549,0.5,156950.83473852288
16.86,0.5095541401273885,420.3494375,717.8235577199549,0.0,156950.83471039488
16.88,0.5127388535031847,417.8604285714286,716.2830778449797,0.0,156950.8346714429
16.9,0.5127388535031847,417.8604285714286,716.2830778449797,0.0,156693.51392337336
16.92,0.5111111111111111,417.8604285714286,716.2830778449797,0.0,156693.51392337336
16.94,0.5111111111111111,417.8604285714286,716.2830778449797,0.0,156693.51392337336
16.96,0.5111111111111111,417.8604285714286,716.2830778449797,0.0,156693.51392337336
16.98,0.5111111111111111,417.8604285714286,716.2830778449797,0.0,156693.51392337336
17.0,0.509493670886076,417.8604285714286,716.2830778449797,0.0,156437.47757561138
17.02,0.509493670886076,417.8604285714286,716.2830778449797,0.0,156437.47757561138
17.04,0.5110410094637224,415.3085,714.802691854903,0.0,156437.4775496434
17.06,0.5110410094637224,415.37822839506174,714.7631592257665,0.0,156437.47752367542
17.08,0.5110410094637224,415.37822839506174,714.7631592257665,0.0,156437.4775106914
17.1,0.5110410094637224,415.37822839506174,714.7631592257665,0.0,156181.44116292946
17.12,0.5110410094637224,415.37822839506174,714.7631592257665,0.0,156181.44116292946
17.14,0.5110410094637224,415.37822839506174,714.7631592257665,0.0,156181.44116292946
17.16,0.5110410094637224,415.37822839506174,714.7631592257665,0.0,156181.44116292946
17.18,0.5125786163522013,412.85965030674845,713.2879542790996,0.0,156181.44113696145
17.2,0.5125786163522013,412.95935582822085,713.232048188181,1.0,155925.4047502475
17.22,0.5125786163522013,412.95935582822085,713.232048188181,0.0,155925.40474592752
17.24,0.5125786163522013,412.95935582822085,713.232048188181,0.0,155925.40474592752
17.26,0.5125,410.5021951219512,711.7459242493143,0.0,155925.40471995954
17.28,0.5125,410.5336646341463,711.728328751793,0.0,155925.40469399153
17.3,0.5125,410.5336646341463,711.728328751793,0.0,155669.36833324557
17.32,0.5125,410.5336646341463,711.728328751793,0.0,155669.36833324557
17.34,0.5125,410.5336646341463,711.728328751793,0.0,155669.36833324557
17.36,0.5125,410.5336646341463,711.728328751793,0.0,155669.36833324557
17.38,0.5125,410.5336646341463,711.728328751793,0.0,155669.36833324557
17.4,0.5125,410.5336646341463,711.728328751793,0.0,155413.33198548362
17.42,0.5109034267912772,410.5336646341463,711.728328751793,0.0,155413.33198548362
17.44,0.5093167701863354,410.5336646341463,711.728328751793,0.0,155413.33198548362
17.46,0.5108359133126935,408.07338787878786,710.2674538143006,0.0,155413.33195951564
17.48,0.5108359133126935,408.1887393939394,710.2034587536158,0.0,155413.33193354763
17.5,0.5108359133126935,408.1887393939394,710.2034587536158,0.0,155157.4565837956
17.52,0.5092592592592593,408.1887393939394,710.2034587536158,0.0,155157.4565837956
17.54,0.5123456790123457,405.8338975903614,708.7068761799583,0.0,155157.4565448436
17.56,0.5123456790123457,405.8338975903614,708.7068761799583,0.0,155157.4565188756
17.58,0.5123456790123457,405.8338975903614,708.7068761799583,0.0,155157.4565188756
17.6,0.5123456790123457,405.8338975903614,708.7068761799583,2.0,154901.58118210756
17.62,0.5123456790123457,405.8338975903614,708.7068761799583,0.0,154901.58117346757
17.64,0.5123456790123457,405.8338975903614,708.7068761799583,0.0,154901.58117346757
17.66,0.5123456790123457,405.8338975903614,708.7068761799583,0.0,154901.58117346757
17.68,0.5122699386503068,403.4910718562874,707.2262757161756,0.0,154901.58112153158
17.7,0.5122699386503068,403.52769461077844,707.20629371068,0.0,154645.70577177955
17.72,0.5107033639143731,403.52769461077844,707.20629371068,0.0,154645.70577177955
17.74,0.5107033639143731,403.52769461077844,707.20629371068,0.0,154645.70577177955
17.76,0.5091463414634146,403.52769461077844,707.20629371068,0.0,154645.70577177955
17.78,0.5091463414634146,403.52769461077844,707.20629371068,0.0,154645.70577177955
17.8,0.5075987841945289,403.52769461077844,707.20629371068,0.0,154389.8304220275
17.82,0.5106382978723404,401.2447916666667,705.7152814669233,0.0,154389.83038307552
17.84,0.5106382978723404,401.2447916666667,705.7152814669233,0.0,154389.83037009154
17.86,0.5106382978723404,401.2447916666667,705.7152814669233,0.0,154389.83037009154
17.88,0.5106382978723404,401.2447916666667,705.7152814669233,0.0,154389.83037009154
17.9,0.5106382978723404,401.2447916666667,705.7152814669233,0.0,154133.9550333235
17.92,0.5106382978723404,401.2447916666667,705.7152814669233,0.0,154133.9550333235
17.94,0.5106382978723404,401.2447916666667,705.7152814669233,0.0,154133.9550333235
17.96,0.509090909090909,401.2447916666667,705.7152814669233,0.0,154133.9550333235
17.98,0.509090909090909,401.2447916666667,705.7152814669233,0.0,154133.9550333235
18.0,0.509090909090909,401.2447916666667,705.7152814669233,1.0,153877.43868504086
18.02,0.5060240963855421,401.2447916666667,705.7152814669233,0.0,153877.4386807209
18.04,0.5060240963855421,401.2447916666667,705.7152814669233,0.0,153877.4386807209
18.06,0.5075075075075075,398.9317455621302,704.262693905885,0.0,153877.43864176888
18.08,0.5075075075075075,398.99962721893496,704.2257874112556,0.0,153877.4386158009
18.1,0.5075075075075075,398.99962721893496,704.2257874112556,0.0,153620.9222675183
18.12,0.5059880239520959,398.99962721893496,704.2257874112556,0.0,153620.9222675183
18.14,0.5089820359281437,396.7510235294118,702.7597043116344,0.0,153620.92221558228
18.16,0.5089820359281437,396.7831176470588,702.7424732077121,0.0,153620.9222025983
18.18,0.5074626865671642,396.7831176470588,702.7424732077121,0.0,153620.9222025983
18.2,0.5089285714285714,394.49180116959064,701.3212615468353,0.0,153364.4058283477
18.22,0.5074183976261127,394.61130994152046,701.2566127134422,0.0,153364.4058023797
18.24,0.5074183976261127,394.61130994152046,701.2566127134422,0.0,153364.4057893957
18.26,0.5074183976261127,394.61130994152046,701.2566127134422,0.0,153364.4057893957
18.28,0.5059171597633136,394.61130994152046,701.2566127134422,0.0,153364.4057893957
18.3,0.504424778761062,394.61130994152046,701.2566127134422,0.0,153107.8894411131
18.32,0.504424778761062,394.61130994152046,701.2566127134422,0.0,153107.8894411131
18.34,0.504424778761062,394.61130994152046,701.2566127134422,0.0,153107.8894411131
18.36,0.504424778761062,394.61130994152046,701.2566127134422,0.0,153107.8894411131
18.38,0.5029411764705882,394.61130994152046,701.2566127134422,0.0,153107.8894411131
18.4,0.5029411764705882,394.61130994152046,701.2566127134422,2.0,152851.3730928305
18.42,0.5029411764705882,394.61130994152046,701.2566127134422,0.0,152851.3730841905
18.44,0.501466275659824,394.61130994152046,701.2566127134422,0.0,152851.3730841905
18.46,0.5,394.61130994152046,701.2566127134422,0.0,152851.3730841905
18.48,0.5,394.61130994152046,701.2566127134422,0.0,152851.3730841905
18.5,0.5,394.61130994152046,701.2566127134422,0.0,152593.36667110337
18.52,0.5,394.61130994152046,701.2566127134422,0.0,152593.36667110337
18.54,0.5,394.61130994152046,701.2566127134422,0.0,152593.36667110337
18.56,0.49854227405247814,394.61130994152046,701.2566127134422,0.0,152593.36667110337
18.58,0.4985507246376812,392.37367441860465,699.8270939444647,0.0,152593.36664513536
18.6,0.49855907780979825,390.2050809248555,698.381373139508,0.0,152335.36018011224
18.62,0.49712643678160917,390.30687861271673,698.3264972313463,0.0,152335.36014116026
18.64,0.49712643678160917,390.30687861271673,698.3264972313463,0.0,152335.36012817625
18.66,0.49712643678160917,390.30687861271673,698.3264972313463,0.0,152335.36012817625
18.68,0.49570200573065903,390.30687861271673,698.3264972313463,0.0,152335.36012817625
18.7,0.49570200573065903,390.30687861271673,698.3264972313463,0.0,152077.35371508912
18.72,0.49570200573065903,390.30687861271673,698.3264972313463,0.0,152077.35371508912
18.74,0.49570200573065903,390.30687861271673,698.3264972313463,0.0,152077.35371508912
18.76,0.49570200573065903,390.30687861271673,698.3264972313463,0.0,152077.35371508912
18.78,0.4942857142857143,390.30687861271673,698.3264972313463,0.0,152077.35371508912
18.8,0.4914772727272727,390.30687861271673,698.3264972313463,1.0,151819.347302002
18.82,0.4914772727272727,390.30687861271673,698.3264972313463,0.0,151819.347297682
18.84,0.49008498583569404,390.30687861271673,698.3264972313463,0.0,151819.347297682
18.86,0.4887005649717514,390.30687861271673,698.3264972313463,0.0,151819.347297682
18.88,0.49014084507042255,388.15327011494253,696.8928416656946,0.0,151819.34725872998
18.9,0.49014084507042255,388.2003735632184,696.8679340738039,0.0,151561.34081967484
18.92,0.49014084507042255,388.2003735632184,696.8679340738039,0.0,151561.34081967484
18.94,0.4887640449438202,388.2003735632184,696.8679340738039,0.0,151561.34081967484
18.96,0.4887640449438202,388.2003735632184,696.8679340738039,0.0,151561.34081967484
18.98,0.49019607843137253,386.00782285714286,695.4756534111498,0.0,151561.34080669086
19.0,0.48746518105849584,386.07522857142857,695.4392453597771,0.0,151303.4485680586
19.02,0.4888888888888889,384.0314715909091,693.9875519972417,0.25,151303.44851612262
19.04,0.4888888888888889,384.08786931818184,693.958110363888,0.0,151303.4484901546
19.06,0.4888888888888889,384.08786931818184,693.958110363888,0.0,151303.4484901546
19.08,0.4888888888888889,384.08786931818184,693.958110363888,0.0,151303.4484901546
19.1,0.4888888888888889,384.08786931818184,693.958110363888,0.0,151045.55629047434
19.12,0.48753462603878117,384.08786931818184,693.958110363888,0.0,151045.55629047434
19.14,0.48753462603878117,384.08786931818184,693.958110363888,0.0,151045.55629047434
19.16,0.4889502762430939,381.9453728813559,692.5784946766324,0.0,151045.55626450636
19.18,0.48760330578512395,381.9738248587571,692.5631064788263,0.25,151045.55623853835
19.2,0.48760330578512395,381.9738248587571,692.5631064788263,2.0,150787.6640258741
19.22,0.4931129476584022,381.262469273743,688.8088415654444,0.25,150787.66396529815
19.24,0.4931129476584022,381.45995530726253,688.807245963547,0.25,150787.66392634614
19.26,0.4931129476584022,381.60315083798884,688.7891374654564,0.0,150787.66390037816
19.28,0.4931129476584022,381.60315083798884,688.7891374654564,0.0,150787.66388739416
19.3,0.49175824175824173,381.60315083798884,688.7891374654564,0.0,150529.7716877139
19.32,0.49175824175824173,381.60315083798884,688.7891374654564,0.0,150529.7716877139
19.34,0.4931506849315068,379.56922777777777,687.4119914025425,0.0,150529.7716357779
19.36,0.4931506849315068,379.60076111111107,687.3954197483616,0.0,150529.7716227939
19.38,0.4918032786885246,379.60076111111107,687.3954197483616,0.0,150529.7716227939
19.4,0.4918032786885246,379.60076111111107,687.3954197483616,0.0,150271.87942311366
19.42,0.4918032786885246,379.60076111111107,687.3954197483616,0.0,150271.87942311366
19.44,0.4918032786885246,379.60076111111107,687.3954197483616,0.0,150271.87942311366
19.46,0.4904632152588556,379.60076111111107,687.3954197483616,0.0,150271.87942311366
19.48,0.4904632152588556,379.60076111111107,687.3954197483616,0.0,150271.87942311366
19.5,0.4904632152588556,379.60076111111107,687.3954197483616,0.0,150012.545583788
19.52,0.4864864864864865,379.60076111111107,687.3954197483616,0.0,150012.545583788
19.54,0.48517520215633425,379.60076111111107,687.3954197483616,0.0,150012.545583788
19.56,0.48517520215633425,379.60076111111107,687.3954197483616,0.0,150012.545583788
19.58,0.48517520215633425,379.60076111111107,687.3954197483616,0.0,150012.545583788
19.6,0.48655913978494625,377.5584419889503,686.0413173621648,1.0,149753.2117055104
19.62,0.4839572192513369,377.6446464088398,685.9960978370943,0.25,149753.21166223838
19.64,0.48663101604278075,375.74347252747253,684.5868834569292,0.25,149753.2116232864
19.66,0.4893048128342246,373.96562841530056,683.1350339163515,0.0,149753.2115843344
19.68,0.4893048128342246,374.06539344262296,683.0891044031948,0.0,149753.2115453824
19.7,0.4893048128342246,374.06539344262296,683.0891044031948,0.0,149493.87770605678
19.72,0.488,374.06539344262296,683.0891044031948,0.0,149493.87769307278
19.74,0.49066666666666664,372.12375,681.7365348195631,0.0,149493.8776541208
19.76,0.49066666666666664,372.12375,681.7365348195631,0.0,149493.8776411368
19.78,0.49066666666666664,372.12375,681.7365348195631,0.0,149493.8776411368
19.8,0.48936170212765956,372.12375,681.7365348195631,0.0,149234.54380181117
19.82,0.48936170212765956,372.12375,681.7365348195631,0.0,149234.54380181117
19.84,0.48936170212765956,372.12375,681.7365348195631,0.0,149234.54380181117
19.86,0.48936170212765956,372.12375,681.7365348195631,0.0,149234.54380181117
19.88,0.4880636604774536,372.12375,681.7365348195631,0.0,149234.54380181117
19.9,0.4880636604774536,372.12375,681.7365348195631,0.0,148975.20996248553
19.92,0.4880636604774536,372.12375,681.7365348195631,0.0,148975.20996248553
19.94,0.48677248677248675,372.12375,681.7365348195631,0.0,148975.20996248553
19.96,0.48677248677248675,372.12375,681.7365348195631,0.0,148975.20996248553
19.98,0.48548812664907653,372.12375,681.7365348195631,0.0,148975.20996248553
20.0,0.48548812664907653,372.12375,681.7365348195631,2.0,148715.9192297458
20.02,0.49076517150395776,374.164688172043,679.2461701605412,1.25,148715.9191691698
20.04,0.48947368421052634,374.33698924731186,679.3001038095429,1.5,148715.9191302178
20.06,0.4921052631578947,376.1654652406417,677.8524705966888,1.25,148715.91907828185
20.08,0.4921052631578947,376.3133422459893,677.9224581567294,1.25,148715.91903932983
20.1,0.4921052631578947,376.3133422459893,677.9224581567294,0.0,148456.62829360607
20.12,0.49081364829396323,376.3133422459893,677.9224581567294,0.0,148456.62829360607
20.14,0.49081364829396323,376.3133422459893,677.9224581567294,0.0,148456.62829360607
20.16,0.49081364829396323,376.3133422459893,677.9224581567294,0.0,148456.62829360607
20.18,0.49081364829396323,376.3133422459893,677.9224581567294,0.0,148456.62829360607
20.2,0.49081364829396323,376.3133422459893,677.9224581567294,0.0,148197.33756086635
20.22,0.49081364829396323,376.3133422459893,677.9224581567294,0.0,148197.33756086635
20.24,0.4895287958115183,376.3133422459893,677.9224581567294,0.0,148197.33756086635
20.26,0.48825065274151436,376.3133422459893,677.9224581567294,0.0,148197.33756086635
20.28,0.48825065274151436,376.3133422459893,677.9224581567294,0.0,148197.33756086635
20.3,0.48825065274151436,376.3133422459893,677.9224581567294,0.0,147938.0468281266
20.32,0.4869791666666667,376.3133422459893,677.9224581567294,0.0,147938.04681514262
20.34,0.4895833333333333,374.3913510638298,676.6277250027349,0.0,147938.0467761906
20.36,0.4895833333333333,374.4404787234042,676.6019623062394,0.0,147938.04676320663
20.38,0.4883116883116883,374.4404787234042,676.6019623062394,0.0,147938.04676320663
20.4,0.4883116883116883,374.4404787234042,676.6019623062394,1.0,147678.75603046687
20.42,0.4883720930232558,372.50811640211646,675.3295798965698,0.0,147678.7559871949
20.44,0.4896907216494845,370.6931789473684,674.0114991817117,0.0,147678.7559352589
20.46,0.4884318766066838,370.7760578947368,673.9686710255212,0.0,147678.75589630692
20.48,0.4884318766066838,370.7760578947368,673.9686710255212,0.0,147678.75589630692
20.5,0.4884318766066838,370.7760578947368,673.9686710255212,0.0,147418.56803686413
20.52,0.4884318766066838,370.7760578947368,673.9686710255212,0.0,147418.56803686413
20.54,0.4884318766066838,370.7760578947368,673.9686710255212,0.0,147418.56803686413
20.56,0.4884318766066838,370.7760578947368,673.9686710255212,0.0,147418.56803686413
20.58,0.4884318766066838,370.7760578947368,673.9686710255212,0.0,147418.56803686413
20.6,0.4884910485933504,368.88877486910997,672.7052336056919,0.0,147158.3801384694
20.62,0.4884910485933504,368.96561780104713,672.6651053697914,0.0,147158.38011250139
20.64,0.4872448979591837,368.96561780104713,672.6651053697914,0.0,147158.38011250139
20.66,0.4835443037974684,368.96561780104713,672.6651053697914,0.0,147158.38011250139
20.68,0.4835443037974684,368.96561780104713,672.6651053697914,0.0,147158.38011250139
20.7,0.4835443037974684,368.96561780104713,672.6651053697914,0.0,146898.1922530586
20.72,0.4823232323232323,368.96561780104713,672.6651053697914,0.0,146898.1922530586
20.74,0.4823232323232323,368.96561780104713,672.6651053697914,0.0,146898.1922530586
20.76,0.4823232323232323,368.96561780104713,672.6651053697914,0.0,146898.1922530586
20.78,0.4823232323232323,368.96561780104713,672.6651053697914,0.0,146898.1922530586
20.8,0.4811083123425693,368.96561780104713,672.6651053697914,2.0,146638.00439361585
20.82,0.48614609571788414,375.8991347150259,673.4061063678016,2.25,146638.00433303986
20.84,0.48614609571788414,376.11684974093265,673.6511639936451,2.25,146638.00429408788
20.86,0.48614609571788414,376.1749119170984,673.6820127778321,2.0,146638.0042551359
20.88,0.48743718592964824,375.7437525773196,671.9701725964322,1.5,146638.00420319987
20.9,0.4899497487437186,380.8946666666667,674.0738051171965,1.5,146377.81629182113
20.92,0.4899497487437186,381.0293282051282,674.0587615667248,0.5,146377.81626585315
20.94,0.4899497487437186,381.0293282051282,674.0587615667248,0.0,146377.81626585315
20.96,0.4899497487437186,381.0293282051282,674.0587615667248,0.0,146377.81626585315
20.98,0.4899497487437186,381.0293282051282,674.0587615667248,0.0,146377.81626585315
21.0,0.4875,381.0293282051282,674.0587615667248,0.0,146118.36120828034
21.02,0.4875,381.0293282051282,674.0587615667248,0.0,146118.36120828034
21.04,0.4875,381.0293282051282,674.0587615667248,0.0,146118.36120828034
21.06,0.4875,381.0293282051282,674.0587615667248,0.0,146118.36120828034
21.08,0.4875,381.0293282051282,674.0587615667248,0.0,146118.36120828034
21.1,0.486284289276808,381.0293282051282,674.0587615667248,0.0,145858.90615070757
21.12,0.486284289276808,381.0293282051282,674.0587615667248,0.0,145858.90615070757
21.14,0.486284289276808,381.0293282051282,674.0587615667248,0.0,145858.90615070757
21.16,0.48507462686567165,381.0293282051282,674.0587615667248,0.0,145858.90615070757
21.18,0.48507462686567165,381.0293282051282,674.0587615667248,0.0,145858.90615070757
21.2,0.4838709677419355,381.0293282051282,674.0587615667248,1.0,145599.45109313476
21.22,0.48267326732673266,381.0293282051282,674.0587615667248,0.0,145599.45108881476
21.24,0.4839506172839506,379.17285714285714,672.8366367363504,0.0,145599.45104986278
21.26,0.4852216748768473,377.3196040609137,671.6287707522574,0.0,145599.4509979268
21.28,0.4852216748768473,377.37603553299493,671.5980379490767,0.0,145599.4509719588
21.3,0.4864864864864865,375.4942727272727,670.4203965539849,0.0,145339.995875434
21.32,0.4852941176470588,375.58787373737374,670.3699254229828,0.0,145339.995836482
21.34,0.4852941176470588,375.58787373737374,670.3699254229828,0.0,145339.995836482
21.36,0.4852941176470588,375.58787373737374,670.3699254229828,0.0,145339.995836482
21.38,0.4852941176470588,375.58787373737374,670.3699254229828,0.0,145339.995836482
21.4,0.4841075794621027,375.58787373737374,670.3699254229828,0.0,145080.54077890923
21.42,0.4841075794621027,375.58787373737374,670.3699254229828,0.0,145080.54077890923
21.44,0.4841075794621027,375.58787373737374,670.3699254229828,0.0,145080.54077890923
21.46,0.48292682926829267,375.58787373737374,670.3699254229828,0.0,145080.54077890923
21.48,0.48175182481751827,375.58787373737374,670.3699254229828,0.0,145080.54077890923
21.5,0.48175182481751827,375.58787373737374,670.3699254229828,0.0,144822.10087484587
21.52,0.48058252427184467,375.58787373737374,670.3699254229828,0.0,144822.10087484587
21.54,0.48058252427184467,375.58787373737374,670.3699254229828,0.0,144822.10087484587
21.56,0.4794188861985472,375.58787373737374,670.3699254229828,0.0,144822.10087484587
21.58,0.4782608695652174,375.58787373737374,670.3699254229828,0.0,144822.10087484587
21.6,0.4771084337349398,375.58787373737374,670.3699254229828,2.0,144563.66097078254
21.62,0.4819277108433735,377.46552,668.5100915168669,1.5,144563.66091020656
21.64,0.4831730769230769,386.30024875621893,678.2456644905859,1.75,144563.66085827057
21.66,0.4831730769230769,386.605368159204,678.518348093877,1.75,144563.66080633458
21.68,0.4831730769230769,386.7378109452736,678.6394913189666,1.5,144563.6607673826
21.7,0.4855769230769231,389.241,677.8872015373199,0.25,144305.22081138325
21.72,0.4879807692307692,387.8891527093596,676.617326433124,0.25,144305.22077243126
21.74,0.4879807692307692,387.92433004926113,676.6021624811234,0.0,144305.22073347925
21.76,0.486810551558753,387.92433004926113,676.6021624811234,0.0,144305.22073347925
21.78,0.486810551558753,387.92433004926113,676.6021624811234,0.0,144305.22073347925
21.8,0.486810551558753,387.92433004926113,676.6021624811234,0.0,144046.78082941592
21.82,0.48564593301435405,387.92433004926113,676.6021624811234,0.0,144046.78082941592
21.84,0.48564593301435405,387.92433004926113,676.6021624811234,0.0,144046.78082941592
21.86,0.48564593301435405,387.92433004926113,676.6021624811234,0.0,144046.78082941592
21.88,0.48564593301435405,387.92433004926113,676.6021624811234,0.0,144046.78082941592
21.9,0.48448687350835323,387.92433004926113,676.6021624811234,0.0,143788.3409253526
21.92,0.48448687350835323,387.92433004926113,676.6021624811234,0.0,143788.3409253526
21.94,0.48448687350835323,387.92433004926113,676.6021624811234,0.0,143788.3409253526
21.96,0.48448687350835323,387.92433004926113,676.6021624811234,0.0,143788.3409253526
21.98,0.48448687350835323,387.92433004926113,676.6021624811234,0.0,143788.3409253526
22.0,0.48333333333333334,387.92433004926113,676.6021624811234,1.0,143531.92765764787
22.02,0.4834123222748815,386.04435294117644,675.4730793970622,0.0,143531.92762735992
22.04,0.48226950354609927,386.13520098039214,675.422989523213,0.0,143531.92760139192
22.06,0.48226950354609927,386.13520098039214,675.422989523213,0.0,143531.9275884079
22.08,0.48226950354609927,386.13520098039214,675.422989523213,0.0,143531.9275884079
22.1,0.4811320754716981,386.13520098039214,675.422989523213,0.0,143275.51432070322
22.12,0.4811320754716981,386.13520098039214,675.422989523213,0.0,143275.51432070322
22.14,0.4811320754716981,386.13520098039214,675.422989523213,0.0,143275.51432070322
22.16,0.4811320754716981,386.13520098039214,675.422989523213,0.0,143275.51432070322
22.18,0.4811320754716981,386.13520098039214,675.422989523213,0.0,143275.51432070322
22.2,0.4811320754716981,386.13520098039214,675.422989523213,0.0,143019.10105299854
22.22,0.4811320754716981,386.13520098039214,675.422989523213,0.0,143019.10105299854
22.24,0.4811320754716981,386.13520098039214,675.422989523213,0.0,143019.10105299854
22.26,0.4811320754716981,386.13520098039214,675.422989523213,0.0,143019.10105299854
22.28,0.4811320754716981,386.13520098039214,675.422989523213,0.0,143019.10105299854
22.3,0.4811320754716981,386.13520098039214,675.422989523213,0.0,142762.68778529385
22.32,0.4811320754716981,386.13520098039214,675.422989523213,0.0,142762.68778529385
22.34,0.4823529411764706,384.27350731707315,674.2980881329216,0.0,142762.6877593259
22.36,0.4823529411764706,384.35844390243903,674.2513388885396,0.0,142762.68772037388
22.38,0.4823529411764706,384.35844390243903,674.2513388885396,0.0,142762.68772037388
22.4,0.4823529411764706,384.35844390243903,674.2513388885396,2.0,142506.27445266923
22.42,0.48470588235294115,396.5380873786408,694.8513951337177,1.25,142506.2743920932
22.44,0.4859154929577465,400.08760869565214,695.098992106634,1.5,142506.27434015725
22.46,0.48826291079812206,398.3661201923077,694.2821713515929,1.25,142506.27430120524
22.48,0.49061032863849763,399.96935406698566,692.9759949358071,0.25,142506.27424926925
22.5,0.49061032863849763,400.0171866028708,692.9989443543874,0.25,142250.3747951842
22.52,0.4894613583138173,400.0848708133971,693.0325903544953,0.0,142250.3747692162
22.54,0.4894613583138173,400.0848708133971,693.0325903544953,0.0,142250.3747692162
22.56,0.4894613583138173,400.0848708133971,693.0325903544953,0.0,142250.3747692162
22.58,0.4883177570093458,400.0848708133971,693.0325903544953,0.0,142250.3747692162
22.6,0.4883177570093458,400.0848708133971,693.0325903544953,0.0,141994.47535408314
22.62,0.4883177570093458,400.0848708133971,693.0325903544953,0.0,141994.47535408314
22.64,0.48717948717948717,400.0848708133971,693.0325903544953,0.0,141994.47535408314
22.66,0.48717948717948717,400.0848708133971,693.0325903544953,0.0,141994.47535408314
22.68,0.48604651162790696,400.0848708133971,693.0325903544953,0.0,141994.47535408314
22.7,0.48604651162790696,400.0848708133971,693.0325903544953,0.0,141738.57593895006
22.72,0.48491879350348027,400.0848708133971,693.0325903544953,0.0,141738.57593895006
22.74,0.4837962962962963,400.0848708133971,693.0325903544953,0.0,141738.57593895006
22.76,0.4837962962962963,400.0848708133971,693.0325903544953,0.0,141738.57593895006
22.78,0.48267898383371827,400.0848708133971,693.0325903544953,0.0,141738.57593895006
22.8,0.4838709677419355,398.2233142857143,691.9041286678147,1.0,141482.67648486502
22.82,0.4838709677419355,398.25655714285716,691.8856024990996,0.25,141482.67645565703
22.84,0.4838709677419355,398.25655714285716,691.8856024990996,0.0,141482.676454577
22.86,0.4838709677419355,398.25655714285716,691.8856024990996,0.0,141482.676454577
22.88,0.4838709677419355,398.25655714285716,691.8856024990996,0.0,141482.676454577
22.9,0.4838709677419355,398.25655714285716,691.8856024990996,0.0,141226.77703944396
22.92,0.4838709677419355,398.25655714285716,691.8856024990996,0.0,141226.77703944396
22.94,0.4838709677419355,398.25655714285716,691.8856024990996,0.0,141226.77703944396
22.96,0.4838709677419355,398.25655714285716,691.8856024990996,0.0,141226.77703944396
22.98,0.4850574712643678,396.4163222748815,690.7590731446112,0.0,141226.77700049197
23.0,0.4850574712643678,396.47421800947865,690.727191805263,0.0,140970.69025887555
23.02,0.48394495412844035,396.47421800947865,690.727191805263,0.0,140970.69025887555
23.04,0.4817351598173516,396.47421800947865,690.727191805263,0.0,140970.69025887555
23.06,0.4817351598173516,396.47421800947865,690.727191805263,0.0,140970.69025887555
23.08,0.4817351598173516,396.47421800947865,690.727191805263,0.0,140970.69025887555
23.1,0.4817351598173516,396.47421800947865,690.727191805263,0.0,140714.60354322713
23.12,0.4817351598173516,396.47421800947865,690.727191805263,0.0,140714.60354322713
23.14,0.4817351598173516,396.47421800947865,690.727191805263,0.0,140714.60354322713
23.16,0.48291571753986334,394.6515896226415,689.6045963047917,0.0,140714.60350427515
23.18,0.4818181818181818,394.7015754716981,689.5771021947991,0.0,140714.60347830714
23.2,0.48072562358276644,394.7015754716981,689.5771021947991,2.0,140458.51676265872
23.22,0.48306997742663654,407.3842663551402,706.679820630909,1.5,140458.51670208274
23.24,0.481981981981982,407.54442523364486,707.0935672675049,1.75,140458.51665014675
23.26,0.48314606741573035,412.0533348837209,708.4538293958907,1.25,140458.51659821076
23.28,0.48314606741573035,412.10466976744186,708.5230299853007,0.25,140458.51655925874
23.3,0.48314606741573035,412.10466976744186,708.5230299853007,0.0,140202.42984361033
23.32,0.48314606741573035,412.10466976744186,708.5230299853007,0.0,140202.42984361033
23.34,0.48314606741573035,412.10466976744186,708.5230299853007,0.0,140202.42984361033
23.36,0.48314606741573035,412.10466976744186,708.5230299853007,0.0,140202.42984361033
23.38,0.48314606741573035,412.10466976744186,708.5230299853007,0.0,140202.42984361033
23.4,0.4820627802690583,412.10466976744186,708.5230299853007,0.0,139946.34310199393
23.42,0.48322147651006714,410.30955555555556,707.3709146314434,0.0,139946.34306304195
23.44,0.4854586129753915,408.5249170506913,706.2263713315456,0.0,139946.34301110596
23.46,0.4854586129753915,408.5249170506913,706.2263713315456,0.0,139946.34299812195
23.48,0.4854586129753915,408.5249170506913,706.2263713315456,0.0,139946.34299812195
23.5,0.4854586129753915,408.5249170506913,706.2263713315456,0.0,139689.33019068273
23.52,0.4854586129753915,408.5249170506913,706.2263713315456,0.0,139689.33019068273
23.54,0.48329621380846327,408.5249170506913,706.2263713315456,0.0,139689.33019068273
23.56,0.48329621380846327,408.5249170506913,706.2263713315456,0.0,139689.33019068273
23.58,0.4822222222222222,408.5249170506913,706.2263713315456,0.0,139689.33019068273
23.6,0.4811529933481153,408.5249170506913,706.2263713315456,1.0,139432.31738324344
23.62,0.4811529933481153,408.5249170506913,706.2263713315456,0.0,139432.31737892347
23.64,0.4811529933481153,408.5249170506913,706.2263713315456,0.0,139432.31737892347
23.66,0.48123620309050774,406.67113302752296,705.1337045107612,0.0,139432.31735295546
23.68,0.4801762114537445,406.76111926605506,705.0836125363609,0.0,139432.31731400348
23.7,0.4801762114537445,406.76111926605506,705.0836125363609,0.0,139175.30450656422
23.72,0.4801762114537445,406.76111926605506,705.0836125363609,0.0,139175.30450656422
23.74,0.47912087912087914,406.76111926605506,705.0836125363609,0.0,139175.30450656422
23.76,0.47921225382932164,404.94872602739724,703.980767817561,0.0,139175.3044676122
23.78,0.48034934497816595,403.2809772727273,702.8114394600021,0.0,139175.30441567625
23.8,0.4782608695652174,403.3490954545455,702.7747868049873,0.0,138918.29156928498
23.82,0.4782608695652174,403.3490954545455,702.7747868049873,0.0,138918.29156928498
23.84,0.4782608695652174,403.3490954545455,702.7747868049873,0.0,138918.29156928498
23.86,0.4782608695652174,403.3490954545455,702.7747868049873,0.0,138918.29156928498
23.88,0.4782608695652174,403.3490954545455,702.7747868049873,0.0,138918.29156928498
23.9,0.4782608695652174,403.3490954545455,702.7747868049873,0.0,138661.27876184575
23.92,0.4772234273318872,403.3490954545455,702.7747868049873,0.0,138661.27876184575
23.94,0.4772234273318872,403.3490954545455,702.7747868049873,0.0,138661.27876184575
23.96,0.4772234273318872,403.3490954545455,702.7747868049873,0.0,138661.27876184575
23.98,0.47844827586206895,399.806009009009,700.5883587007229,0.0,138661.27870990976
24.0,0.47844827586206895,399.92101801801806,700.5256014743755,2.0,138403.8882334955
24.02,0.48060344827586204,413.3115829596412,726.2655622010716,2.5,138403.88818806352
24.04,0.48060344827586204,413.35737668161437,726.4514472626149,2.25,138403.88814803152
24.06,0.4827586206896552,415.42978571428574,725.4884686737782,1.75,138403.88809501554
24.08,0.4817204301075269,415.48722321428573,725.5255633205996,0.0,138403.88806904753
24.1,0.4817204301075269,415.48722321428573,725.5255633205996,0.0,138146.49764456926
24.12,0.4817204301075269,415.48722321428573,725.5255633205996,0.0,138146.49764456926
24.14,0.4817204301075269,415.48722321428573,725.5255633205996,0.0,138146.49764456926
24.16,0.48068669527896996,415.48722321428573,725.5255633205996,0.0,138146.49764456926
24.18,0.4817987152034261,413.68718666666666,724.41261253626,0.0,138146.49760561727
24.2,0.4817987152034261,413.73339555555555,724.3872223442186,0.0,137889.10715517102
24.22,0.4807692307692308,413.73339555555555,724.3872223442186,0.0,137889.10715517102
24.24,0.4807692307692308,413.73339555555555,724.3872223442186,0.0,137889.10715517102
24.26,0.4807692307692308,413.73339555555555,724.3872223442186,0.0,137889.10715517102
24.28,0.4787234042553192,413.73339555555555,724.3872223442186,0.0,137889.10715517102
24.3,0.47770700636942676,413.73339555555555,724.3872223442186,0.0,137631.71673069274
24.32,0.47770700636942676,413.73339555555555,724.3872223442186,0.0,137631.71673069274
24.34,0.47770700636942676,413.73339555555555,724.3872223442186,0.0,137631.71673069274
24.36,0.4767932489451477,411.9740442477876,723.2644397219387,0.25,137631.71667875675
24.38,0.4767932489451477,412.00800884955754,723.2460295605053,0.0,137631.71666577275
24.4,0.4767932489451477,412.00800884955754,723.2460295605053,1.0,137374.3262412945
24.42,0.4767932489451477,412.00800884955754,723.2460295605053,0.0,137374.3262369745
24.44,0.4767932489451477,412.00800884955754,723.2460295605053,0.0,137374.3262369745
24.46,0.4767932489451477,412.00800884955754,723.2460295605053,0.0,137374.3262369745
24.48,0.47789473684210526,410.2128193832599,722.155670367429,0.0,137374.3262110065
24.5,0.4789915966386555,408.50817543859654,721.0277977958409,0.0,137115.8663697766
24.52,0.4789915966386555,408.5537763157895,721.0025849331829,0.0,137115.8663178406
24.54,0.480083857442348,406.7896462882096,719.9196027697468,0.0,137115.86627888863
24.56,0.4811715481171548,405.15414782608696,718.778396601874,0.0,137115.86622695264
24.58,0.4811715481171548,405.31068260869563,718.6956172429321,0.0,137115.86620098463
24.6,0.4811715481171548,405.31068260869563,718.6956172429321,0.0,136857.40637273877
24.62,0.4811715481171548,405.31068260869563,718.6956172429321,0.0,136857.40637273877
24.64,0.4811715481171548,405.31068260869563,718.6956172429321,0.0,136857.40637273877
24.66,0.4811715481171548,405.31068260869563,718.6956172429321,0.0,136857.40637273877
24.68,0.4811715481171548,405.31068260869563,718.6956172429321,0.0,136857.40637273877
24.7,0.4811715481171548,405.31068260869563,718.6956172429321,0.0,136598.94657046086
24.72,0.4801670146137787,405.31068260869563,718.6956172429321,0.0,136598.94657046086
24.74,0.4801670146137787,405.31068260869563,718.6956172429321,0.0,136598.94657046086
24.76,0.4791666666666667,405.31068260869563,718.6956172429321,0.0,136598.94657046086
24.78,0.4781704781704782,405.31068260869563,718.6956172429321,0.0,136598.94657046086
24.8,0.4781704781704782,405.31068260869563,718.6956172429321,2.0,136340.48676818295
24.82,0.48440748440748443,424.7128454935622,757.8227922089142,2.25,136340.486707607
24.84,0.48440748440748443,424.95630472103005,758.5195345747923,2.25,136340.48665567097
24.86,0.48440748440748443,425.1484721030043,758.8388776088572,2.25,136340.48660373501
24.88,0.483402489626556,425.1994849785408,758.9183131964388,0.75,136340.486564783
24.9,0.483402489626556,425.1994849785408,758.9183131964388,0.0,136082.02676250512
24.92,0.483402489626556,425.1994849785408,758.9183131964388,0.0,136082.02676250512
24.94,0.483402489626556,425.1994849785408,758.9183131964388,0.0,136082.02676250512
24.96,0.483402489626556,425.1994849785408,758.9183131964388,0.0,136082.02676250512
24.98,0.4824016563146998,425.1994849785408,758.9183131964388,0.0,136082.02676250512
25.0,0.4824016563146998,425.1994849785408,758.9183131964388,0.0,135823.58911202755
25.02,0.4824016563146998,425.1994849785408,758.9183131964388,0.0,135823.58911202755
25.04,0.4824016563146998,425.1994849785408,758.9183131964388,0.0,135823.58911202755
25.06,0.48041237113402063,425.1994849785408,758.9183131964388,0.0,135823.58911202755
25.08,0.48041237113402063,425.1994849785408,758.9183131964388,0.0,135823.58911202755
25.1,0.48041237113402063,425.1994849785408,758.9183131964388,0.0,135565.15146154995
25.12,0.48041237113402063,425.1994849785408,758.9183131964388,0.0,135565.15146154995
25.14,0.48041237113402063,425.1994849785408,758.9183131964388,0.0,135565.15146154995
25.16,0.4794238683127572,425.1994849785408,758.9183131964388,0.0,135565.15146154995
25.18,0.4784394250513347,425.1994849785408,758.9183131964388,0.0,135565.15146154995
25.2,0.4784394250513347,425.1994849785408,758.9183131964388,1.0,135306.71381107238
25.22,0.47950819672131145,423.42327777777774,757.7801434972109,0.0,135306.71376780036
25.24,0.4785276073619632,423.4653803418803,757.7574216591747,0.0,135306.7137418324
25.26,0.4785276073619632,423.4653803418803,757.7574216591747,0.0,135306.7137418324
25.28,0.47959183673469385,421.6832680851064,756.6347122386301,0.0,135306.7137158644
25.3,0.47959183673469385,421.7243574468085,756.6123268456462,0.0,135048.27602643485
25.32,0.47959183673469385,421.7243574468085,756.6123268456462,0.0,135048.27602643485
25.34,0.47959183673469385,421.7243574468085,756.6123268456462,0.0,135048.27602643485
25.36,0.47959183673469385,421.7243574468085,756.6123268456462,0.0,135048.27602643485
25.38,0.4786150712830957,421.7243574468085,756.6123268456462,0.0,135048.27602643485
25.4,0.4786150712830957,421.7243574468085,756.6123268456462,0.0,134789.83837595725
25.42,0.4786150712830957,421.7243574468085,756.6123268456462,0.0,134789.83837595725
25.44,0.4766734279918864,421.7243574468085,756.6123268456462,0.0,134789.83837595725
25.46,0.4757085020242915,421.7243574468085,756.6123268456462,0.0,134789.83837595725
25.48,0.47474747474747475,421.7243574468085,756.6123268456462,0.0,134789.83837595725
25.5,0.47474747474747475,421.7243574468085,756.6123268456462,0.0,134532.4313104412
25.52,0.47474747474747475,421.7243574468085,756.6123268456462,0.0,134532.4313104412
25.54,0.4737903225806452,421.7243574468085,756.6123268456462,0.0,134532.4313104412
25.56,0.4737903225806452,421.7243574468085,756.6123268456462,0.0,134532.4313104412
25.58,0.4737903225806452,421.7243574468085,756.6123268456462,0.0,134532.4313104412
25.6,0.4737903225806452,421.7243574468085,756.6123268456462,2.0,134275.02424492515
25.62,0.4778225806451613,437.02854008438817,771.5863555372536,1.75,134275.0241843492
25.64,0.4768611670020121,437.1785147679325,771.9516015794329,2.0,134275.02414539718
25.66,0.4768611670020121,437.2510717299578,772.1080523307213,1.25,134275.0241064452
25.68,0.4759036144578313,437.2510717299578,772.1080523307213,0.0,134275.0241064452
25.7,0.47695390781563124,435.4571008403361,770.9790876353088,0.0,134017.61700197717
25.72,0.47695390781563124,435.5174033613445,770.946390884528,0.0,134017.61697600916
25.74,0.47695390781563124,435.5174033613445,770.946390884528,0.0,134017.61697600916
25.76,0.47695390781563124,435.5174033613445,770.946390884528,0.0,134017.61697600916
25.78,0.47695390781563124,435.5174033613445,770.946390884528,0.0,134017.61697600916
25.8,0.4750499001996008,435.5174033613445,770.946390884528,0.0,133760.2099104931
25.82,0.47410358565737054,435.5174033613445,770.946390884528,0.0,133760.2099104931
25.84,0.4742063492063492,433.761949790795,769.808357678387,0.0,133760.20987154113
25.86,0.4742063492063492,433.761949790795,769.808357678387,0.0,133760.20984557315
25.88,0.4742063492063492,433.761949790795,769.808357678387,0.0,133760.20984557315
25.9,0.4742063492063492,433.761949790795,769.808357678387,0.0,133502.8027800571
25.92,0.4742063492063492,433.761949790795,769.808357678387,0.0,133502.8027800571
25.94,0.4742063492063492,433.761949790795,769.808357678387,0.0,133502.8027800571
25.96,0.4742063492063492,433.761949790795,769.808357678387,0.0,133502.8027800571
25.98,0.4742063492063492,433.761949790795,769.808357678387,0.0,133502.8027800571
26.0,0.4742063492063492,433.761949790795,769.808357678387,1.0,133245.9771834073
26.02,0.4752475247524752,431.9741833333334,768.6999352577917,0.0,133245.97715311928
26.04,0.4752475247524752,432.05542083333336,768.6558046716697,0.0,133245.97712715127
26.06,0.4752475247524752,432.05542083333336,768.6558046716697,0.0,133245.9771141673
26.08,0.4762845849802372,430.32814522821576,767.5260239827517,0.0,133245.9770752153
26.1,0.47534516765285995,430.3604937759336,767.508715717353,0.0,132989.15145259746
26.12,0.4774066797642436,426.9071522633745,765.2832586952734,0.0,132989.1514006615
26.14,0.4774066797642436,427.02718106995883,765.2190602924312,0.0,132989.15134872549
26.16,0.4764705882352941,427.0928436213992,765.1851448872835,0.0,132989.15132275748
26.18,0.4764705882352941,427.0928436213992,765.1851448872835,0.0,132989.15132275748
26.2,0.4764705882352941,427.0928436213992,765.1851448872835,0.0,132732.32572610767
26.22,0.4764705882352941,427.0928436213992,765.1851448872835,0.0,132732.32572610767
26.24,0.4764705882352941,427.0928436213992,765.1851448872835,0.0,132732.32572610767
26.26,0.4755381604696673,427.0928436213992,765.1851448872835,0.0,132732.32572610767
26.28,0.4755381604696673,427.0928436213992,765.1851448872835,0.0,132732.32572610767
26.3,0.474609375,427.0928436213992,765.1851448872835,0.0,132475.50012945785
26.32,0.474609375,427.0928436213992,765.1851448872835,0.0,132475.50012945785
26.34,0.474609375,427.0928436213992,765.1851448872835,0.0,132475.50012945785
26.36,0.47368421052631576,427.0928436213992,765.1851448872835,0.0,132475.50012945785
26.38,0.4727626459143969,427.0928436213992,765.1851448872835,0.0,132475.50012945785
26.4,0.4727626459143969,427.0928436213992,765.1851448872835,2.0,132218.674532808
26.42,0.47572815533980584,444.6268285714285,786.683053921922,1.5,132218.674472232
26.44,0.4748062015503876,444.7606816326531,787.0306944725262,1.75,132218.67443328002
26.46,0.4738878143133462,444.8630367346939,787.329896857548,0.75,132218.67439432803
26.48,0.4758220502901354,443.16456097560973,786.1776363861838,0.0,132218.67434239204
26.5,0.4758220502901354,443.16456097560973,786.1776363861838,0.0,131963.13116278284
26.52,0.4758220502901354,443.16456097560973,786.1776363861838,0.0,131963.13116278284
26.54,0.4749034749034749,443.16456097560973,786.1776363861838,0.0,131963.13116278284
26.56,0.4749034749034749,443.16456097560973,786.1776363861838,0.0,131963.13116278284
26.58,0.47398843930635837,443.16456097560973,786.1776363861838,0.0,131963.13116278284
26.6,0.47398843930635837,443.16456097560973,786.1776363861838,0.0,131707.5879961576
26.62,0.47398843930635837,443.16456097560973,786.1776363861838,0.0,131707.5879961576
26.64,0.47307692307692306,443.16456097560973,786.1776363861838,0.0,131707.5879961576
26.66,0.47307692307692306,443.16456097560973,786.1776363861838,0.0,131707.5879961576
26.68,0.47307692307692306,443.16456097560973,786.1776363861838,0.0,131707.5879961576
26.7,0.47307692307692306,443.16456097560973,786.1776363861838,0.0,131452.04482953242
26.72,0.47126436781609193,443.16456097560973,786.1776363861838,0.0,131452.04482953242
26.74,0.47036328871892924,443.16456097560973,786.1776363861838,0.0,131452.04482953242
26.76,0.46946564885496184,443.16456097560973,786.1776363861838,0.0,131452.04482953242
26.78,0.4685714285714286,443.16456097560973,786.1776363861838,0.0,131452.04482953242
26.8,0.4695817490494297,441.42811740890687,785.0571285080894,1.0,131196.5016239552
26.82,0.4695817490494297,441.47155060728744,785.0337908597978,0.0,131196.5015936672
26.84,0.4695817490494297,441.47155060728744,785.0337908597978,0.0,131196.5015936672
26.86,0.4695817490494297,441.47155060728744,785.0337908597978,0.0,131196.5015936672
26.88,0.4695817490494297,441.47155060728744,785.0337908597978,0.0,131196.5015936672
26.9,0.4695817490494297,441.47155060728744,785.0337908597978,0.0,130940.958427042
26.92,0.4695817490494297,441.47155060728744,785.0337908597978,0.0,130940.958427042
26.94,0.4695817490494297,441.47155060728744,785.0337908597978,0.0,130940.958427042
26.96,0.4695817490494297,441.47155060728744,785.0337908597978,0.0,130940.958427042
26.98,0.4686907020872865,441.47155060728744,785.0337908597978,0.0,130940.958427042
27.0,0.4686907020872865,441.47155060728744,785.0337908597978,0.0,130684.35628765485
27.02,0.4686907020872865,441.47155060728744,785.0337908597978,0.0,130684.35628765485
27.04,0.4669187145557656,441.47155060728744,785.0337908597978,0.0,130684.35628765485
27.06,0.4669187145557656,441.47155060728744,785.0337908597978,0.0,130684.35628765485
27.08,0.4679245283018868,439.7335201612903,783.9254976409818,0.0,130684.35624870284
27.1,0.4679245283018868,439.7896330645161,783.8952645338915,0.0,130427.75408334768
27.12,0.4689265536723164,438.0410080321285,782.8040969863421,0.0,130427.75405737969
27.14,0.4689265536723164,438.11969477911646,782.7614856028264,0.0,130427.75401842767
27.16,0.4699248120300752,436.387056,781.6726862423662,0.0,130427.75399245968
27.18,0.4699248120300752,436.452724,781.6371282588871,0.0,130427.75395350768
27.2,0.4700374531835206,434.73188047808765,780.5529039332307,2.25,130171.1517881525
27.22,0.4700374531835206,434.7703545816733,780.5319352510841,3.0,130171.15174272051
27.24,0.47191011235955055,446.2864365079365,799.656525562466,2.0,130171.15168862451
27.26,0.4737827715355805,456.0984545454545,813.1952517418683,2.0,130171.1516366885
27.28,0.47289719626168225,456.1363438735178,813.3092236266464,0.0,130171.1516107205
27.3,0.47289719626168225,456.1363438735178,813.3092236266464,0.0,129914.54947133333
27.32,0.47289719626168225,456.1363438735178,813.3092236266464,0.0,129914.54947133333
27.34,0.47289719626168225,456.1363438735178,813.3092236266464,0.0,129914.54947133333
27.36,0.47289719626168225,456.1363438735178,813.3092236266464,0.0,129914.54947133333
27.38,0.47289719626168225,456.1363438735178,813.3092236266464,0.0,129914.54947133333
27.4,0.47289719626168225,456.1363438735178,813.3092236266464,0.0,129657.94733194617
27.42,0.47289719626168225,456.1363438735178,813.3092236266464,0.0,129657.94733194617
27.44,0.47289719626168225,456.1363438735178,813.3092236266464,0.0,129657.94733194617
27.46,0.47388059701492535,454.37628740157476,812.1892736773416,0.0,129657.94730597817
27.48,0.47388059701492535,454.40109448818896,812.1757685764062,0.0,129657.94726702617
27.5,0.47309833024118736,452.65952156862744,811.0567786260813,0.25,129402.11422132689
27.52,0.47309833024118736,452.7062352941177,811.0316417406443,0.25,129402.1141953589
27.54,0.47309833024118736,452.7062352941177,811.0316417406443,0.0,129402.1141953589
27.56,0.47309833024118736,452.7062352941177,811.0316417406443,0.0,129402.1141953589
27.58,0.4713493530499076,452.7062352941177,811.0316417406443,0.0,129402.1141953589
27.6,0.47232472324723246,451.00160546875,809.9036179008364,1.0,129146.28114965961
27.62,0.4714548802946593,451.03030859375,809.8883422991402,0.0,129146.2811193716
27.64,0.47155963302752296,449.29237743190663,808.7893026612686,0.0,129146.28109340361
27.66,0.4706959706959707,449.35906225680935,808.7533226860534,0.0,129146.2810544516
27.68,0.46994535519125685,447.65908914728686,807.6443785187811,0.0,129146.28101549961
27.7,0.46994535519125685,447.7048914728682,807.619935280321,0.0,128890.44798278433
27.72,0.47005444646098005,446.0124362934363,806.5175984556653,0.25,128890.44794383232
27.74,0.47005444646098005,446.0662471042471,806.4889275950787,0.0,128890.4479048803
27.76,0.4701627486437613,444.51370000000003,805.3241908158922,0.25,128890.44786592832
27.78,0.4693140794223827,444.53547307692304,805.3133953720961,0.0,128890.44785294431
27.8,0.466786355475763,444.53547307692304,805.3133953720961,0.0,128634.61484619704
27.82,0.4669051878354204,442.8724942528736,804.2163306014914,0.0,128634.61480724505
27.84,0.4660714285714286,442.9314865900383,804.1851762294267,0.0,128634.61479426104
27.86,0.4660714285714286,442.9314865900383,804.1851762294267,0.0,128634.61478127704
27.88,0.4660714285714286,442.9314865900383,804.1851762294267,0.0,128634.61478127704
27.9,0.4660714285714286,442.9314865900383,804.1851762294267,0.0,128378.78177452975
27.92,0.46524064171123,442.9314865900383,804.1851762294267,0.0,128378.78177452975
27.94,0.46524064171123,442.9314865900383,804.1851762294267,0.0,128378.78177452975
27.96,0.46524064171123,442.9314865900383,804.1851762294267,0.0,128378.78177452975
27.98,0.46441281138790036,442.9314865900383,804.1851762294267,0.0,128378.78177452975
28.0,0.46441281138790036,442.9314865900383,804.1851762294267,2.0,128123.26826921478
28.02,0.46714031971580816,449.680783269962,810.1253446487719,2.75,128123.26820863876
28.04,0.46808510638297873,463.5069128787879,838.6795769662522,3.0,128123.26815670278
28.06,0.4672566371681416,463.65895454545455,839.1902676374408,3.25,128123.26810476677
28.08,0.4656084656084656,463.75849242424243,839.1709503281011,1.5,128123.26806581476
28.1,0.4691358024691358,460.94324060150376,836.6398911050069,1.5,127867.75449557978
28.12,0.4708994708994709,460.0366629213483,835.196603937325,1.0,127867.7544566278
28.14,0.4708994708994709,460.20742696629213,835.1216731391848,1.0,127867.75440469178
28.16,0.47007042253521125,460.20742696629213,835.1216731391848,0.75,127867.75436573978
28.18,0.47007042253521125,460.20742696629213,835.1216731391848,0.0,127867.75436573978
28.2,0.47007042253521125,460.20742696629213,835.1216731391848,0.0,127612.24086042479
28.22,0.47007042253521125,460.20742696629213,835.1216731391848,0.0,127612.24086042479
28.24,0.47007042253521125,460.20742696629213,835.1216731391848,0.0,127612.24086042479
28.26,0.46924428822495606,460.20742696629213,835.1216731391848,0.0,127612.24086042479
28.28,0.46924428822495606,460.20742696629213,835.1216731391848,0.0,127612.24086042479
28.3,0.46924428822495606,460.20742696629213,835.1216731391848,0.0,127356.72735510982
28.32,0.46924428822495606,460.20742696629213,835.1216731391848,0.0,127356.72735510982
28.34,0.46760070052539404,460.20742696629213,835.1216731391848,0.0,127356.72735510982
28.36,0.46760070052539404,460.20742696629213,835.1216731391848,0.0,127356.72735510982
28.38,0.46596858638743455,460.20742696629213,835.1216731391848,0.0,127356.72735510982
28.4,0.4651567944250871,460.20742696629213,835.1216731391848,1.0,127101.21384979483
28.42,0.4651567944250871,460.20742696629213,835.1216731391848,0.0,127101.21384547483
28.44,0.4651567944250871,460.20742696629213,835.1216731391848,0.0,127101.21384547483
28.46,0.4651567944250871,460.20742696629213,835.1216731391848,0.0,127101.21384547483
28.48,0.4643478260869565,460.20742696629213,835.1216731391848,0.0,127101.21383249084
28.5,0.4652777777777778,458.5492649253731,834.0023871339101,0.0,126844.15950780518
28.52,0.464471403812825,458.573223880597,833.9897603389451,0.0,126844.15946885318
28.54,0.46539792387543255,456.95992193308547,832.8570159257521,0.25,126844.15944288517
28.56,0.46632124352331605,455.3856925925926,831.7141138473571,0.0,126844.15940393315
28.58,0.46471600688468157,455.43323703703703,831.6902717767501,0.25,126844.15936498117
28.6,0.46471600688468157,455.43323703703703,831.6902717767501,0.0,126587.1050792475
28.62,0.4639175257731959,455.43323703703703,831.6902717767501,0.0,126587.1050792475
28.64,0.4639175257731959,455.43323703703703,831.6902717767501,0.0,126587.1050792475
28.66,0.4639175257731959,455.43323703703703,831.6902717767501,0.0,126587.1050792475
28.68,0.4639175257731959,455.43323703703703,831.6902717767501,0.0,126587.1050792475
28.7,0.4639175257731959,455.43323703703703,831.6902717767501,0.0,126330.05079351386
28.72,0.4639175257731959,455.43323703703703,831.6902717767501,0.0,126330.05079351386
28.74,0.4639175257731959,455.43323703703703,831.6902717767501,0.0,126330.05079351386
28.76,0.4639175257731959,455.43323703703703,831.6902717767501,0.0,126330.05079351386
28.78,0.4639175257731959,455.43323703703703,831.6902717767501,0.0,126330.05079351386
28.8,0.4639175257731959,455.43323703703703,831.6902717767501,2.0,126072.99650778019
28.82,0.4690721649484536,478.5838131868132,870.0995618060387,2.75,126072.99644720419
28.84,0.4690721649484536,478.7973076923077,870.5565892496764,2.75,126072.99639526819
28.86,0.4690721649484536,479.0096043956044,871.1663934429984,2.75,126072.99635631617
28.88,0.4690721649484536,479.04372893772893,871.2307397887608,1.5,126072.99630438018
28.9,0.47079037800687284,480.51657664233574,869.9798765243255,1.25,125815.94196671052
28.92,0.4742268041237113,483.24268840579714,867.4126161639418,0.75,125815.9419147745
28.94,0.4742268041237113,483.43547826086956,867.5015271978097,0.75,125815.94186283852
28.96,0.4742268041237113,483.5106847826087,867.5342700476491,0.25,125815.9418238865
28.98,0.4742268041237113,483.5106847826087,867.5342700476491,0.0,125815.9418238865
29.0,0.4742268041237113,483.5106847826087,867.5342700476491,0.0,125558.76037742425
29.02,0.4734133790737564,483.5106847826087,867.5342700476491,0.0,125558.76037742425
29.04,0.4734133790737564,483.5106847826087,867.5342700476491,0.0,125558.76037742425
29.06,0.4734133790737564,483.5106847826087,867.5342700476491,0.0,125558.76037742425
29.08,0.4734133790737564,483.5106847826087,867.5342700476491,0.0,125558.76037742425
29.1,0.4734133790737564,483.5106847826087,867.5342700476491,0.0,125301.57893096199
29.12,0.4726027397260274,483.5106847826087,867.5342700476491,0.0,125301.57893096199
29.14,0.4726027397260274,483.5106847826087,867.5342700476491,0.0,125301.57893096199
29.16,0.4726027397260274,483.5106847826087,867.5342700476491,0.0,125301.57893096199
29.18,0.4717948717948718,483.5106847826087,867.5342700476491,0.0,125301.57893096199
29.2,0.4709897610921502,483.5106847826087,867.5342700476491,1.0,125044.39748449973
29.22,0.4709897610921502,483.5106847826087,867.5342700476491,0.0,125044.39748017973
29.24,0.47018739352640543,483.5106847826087,867.5342700476491,0.0,125044.39748017973
29.26,0.47018739352640543,483.5106847826087,867.5342700476491,0.0,125044.39748017973
29.28,0.47018739352640543,483.5106847826087,867.5342700476491,0.0,125044.39748017973
29.3,0.47018739352640543,483.5106847826087,867.5342700476491,0.0,124787.21603371747
29.32,0.47018739352640543,483.5106847826087,867.5342700476491,0.0,124787.21603371747
29.34,0.4710884353741497,481.81915523465705,866.4227585969436,0.0,124787.21598178147
29.36,0.4710884353741497,481.84731768953066,866.4077097695786,0.0,124787.21596879746
29.38,0.4702886247877759,481.84731768953066,866.4077097695786,0.0,124787.21596879746
29.4,0.4702886247877759,481.84731768953066,866.4077097695786,0.0,124530.03452233522
29.42,0.4711864406779661,480.15197841726615,865.3081774263135,0.0,124530.03448338322
29.44,0.46959459459459457,480.20439568345324,865.2801695173827,0.5,124530.03445741521
29.46,0.47128378378378377,478.60966666666667,864.1372708361091,0.25,124530.03440547921
29.48,0.47128378378378377,478.60966666666667,864.1372708361091,0.0,124530.0343924952
29.5,0.47128378378378377,478.60966666666667,864.1372708361091,0.0,124272.9030614081
29.52,0.47128378378378377,478.60966666666667,864.1372708361091,0.0,124272.9030614081
29.54,0.47128378378378377,478.60966666666667,864.1372708361091,0.0,124272.9030614081
29.56,0.47128378378378377,478.60966666666667,864.1372708361091,0.0,124272.9030614081
29.58,0.47128378378378377,478.60966666666667,864.1372708361091,0.0,124272.9030614081
29.6,0.47048903878583476,478.60966666666667,864.1372708361091,2.0,124015.771730321
29.62,0.47386172006745364,498.16888967971533,902.6717585808495,2.0,124015.771669745
29.64,0.47554806070826305,504.02990425531914,906.5188131700301,2.0,124015.77161780899
29.66,0.47474747474747475,504.30608865248223,907.2867491275994,2.25,124015.77157885699
29.68,0.4764309764309764,504.89293286219083,905.7359641652407,1.0,124015.77152692099
29.7,0.4781144781144781,503.27298943661975,904.5621749686477,0.5,123758.64014389788
29.72,0.4781144781144781,503.4405387323943,904.5440564215418,0.5,123758.64009196186
29.74,0.4781144781144781,503.4405387323943,904.5440564215418,0.0,123758.64006599385
29.76,0.4773109243697479,503.4405387323943,904.5440564215418,0.0,123758.64006599385
29.78,0.4773109243697479,503.4405387323943,904.5440564215418,0.0,123758.64006599385
29.8,0.4773109243697479,503.4405387323943,904.5440564215418,0.0,123501.50873490676
29.82,0.4773109243697479,503.4405387323943,904.5440564215418,0.0,123501.50873490676
29.84,0.47651006711409394,503.4405387323943,904.5440564215418,0.0,123501.50873490676
29.86,0.47651006711409394,503.4405387323943,904.5440564215418,0.0,123501.50873490676
29.88,0.47651006711409394,503.4405387323943,904.5440564215418,0.0,123501.50873490676
29.9,0.47571189279731996,503.4405387323943,904.5440564215418,0.0,123244.37740381966
29.92,0.47571189279731996,503.4405387323943,904.5440564215418,0.0,123244.37740381966
29.94,0.47571189279731996,503.4405387323943,904.5440564215418,0.0,123244.37740381966
29.96,0.47571189279731996,503.4405387323943,904.5440564215418,0.0,123244.37740381966
29.98,0.47571189279731996,503.4405387323943,904.5440564215418,0.0,123244.37740381966
